component_1_original_name,component_1_formula,smiles1,component_2_original_name,component_2_formula,smiles2,quality_check_1,quality_check_2,pressure_mmhg,temperature_c,x1,y1,doi,original_excel_row,quarantine_reason
"3,7-二甲基-1,6-辛二烯",C10H18,CC(CCC=C(C)C)C=C,"(1S,2S,5R)-蒎烷",C10H18,,-1,-1,45.004,75.6,0.92,0.9282,10.1016/j.fluid.2012.12.035,1345,unmatched
"3,7-二甲基-1,6-辛二烯",C10H18,CC(CCC=C(C)C)C=C,"(1S,2S,5R)-蒎烷",C10H18,,-1,-1,45.004,75.8,0.8424,0.8592,10.1016/j.fluid.2012.12.035,1346,unmatched
"3,7-二甲基-1,6-辛二烯",C10H18,CC(CCC=C(C)C)C=C,"(1S,2S,5R)-蒎烷",C10H18,,-1,-1,45.004,76.2,0.7352,0.7629,10.1016/j.fluid.2012.12.035,1347,unmatched
"3,7-二甲基-1,6-辛二烯",C10H18,CC(CCC=C(C)C)C=C,"(1S,2S,5R)-蒎烷",C10H18,,-1,-1,45.004,76.2,0.7346,0.7624,10.1016/j.fluid.2012.12.035,1348,unmatched
"3,7-二甲基-1,6-辛二烯",C10H18,CC(CCC=C(C)C)C=C,"(1S,2S,5R)-蒎烷",C10H18,,-1,-1,45.004,76.6,0.6357,0.6714,10.1016/j.fluid.2012.12.035,1349,unmatched
"3,7-二甲基-1,6-辛二烯",C10H18,CC(CCC=C(C)C)C=C,"(1S,2S,5R)-蒎烷",C10H18,,-1,-1,45.004,76.9,0.5813,0.6211,10.1016/j.fluid.2012.12.035,1350,unmatched
"3,7-二甲基-1,6-辛二烯",C10H18,CC(CCC=C(C)C)C=C,"(1S,2S,5R)-蒎烷",C10H18,,-1,-1,45.004,77.1,0.5413,0.5838,10.1016/j.fluid.2012.12.035,1351,unmatched
"3,7-二甲基-1,6-辛二烯",C10H18,CC(CCC=C(C)C)C=C,"(1S,2S,5R)-蒎烷",C10H18,,-1,-1,45.004,77.3,0.4956,0.54,10.1016/j.fluid.2012.12.035,1352,unmatched
"3,7-二甲基-1,6-辛二烯",C10H18,CC(CCC=C(C)C)C=C,"(1S,2S,5R)-蒎烷",C10H18,,-1,-1,45.004,77.7,0.4046,0.4513,10.1016/j.fluid.2012.12.035,1353,unmatched
"3,7-二甲基-1,6-辛二烯",C10H18,CC(CCC=C(C)C)C=C,"(1S,2S,5R)-蒎烷",C10H18,,-1,-1,45.004,78.1,0.3052,0.3499,10.1016/j.fluid.2012.12.035,1354,unmatched
"3,7-二甲基-1,6-辛二烯",C10H18,CC(CCC=C(C)C)C=C,"(1S,2S,5R)-蒎烷",C10H18,,-1,-1,45.004,78.4,0.2556,0.2985,10.1016/j.fluid.2012.12.035,1355,unmatched
"3,7-二甲基-1,6-辛二烯",C10H18,CC(CCC=C(C)C)C=C,"(1S,2S,5R)-蒎烷",C10H18,,-1,-1,45.004,78.9,0.163,0.1975,10.1016/j.fluid.2012.12.035,1356,unmatched
"3,7-二甲基-1,6-辛二烯",C10H18,CC(CCC=C(C)C)C=C,"(1S,2S,5R)-蒎烷",C10H18,,-1,-1,45.004,79.5,0.0519,0.0666,10.1016/j.fluid.2012.12.035,1357,unmatched
"(1S,2S,5R)-蒎烷",C10H18,,"2,6-二甲基-7-辛烯-2-醇",C10H20O,CC(CCCC(C)(C)O)C=C,-1,-1,45.004,80.8,0.8983,0.9574,10.1016/j.fluid.2012.12.035,1371,unmatched
"(1S,2S,5R)-蒎烷",C10H18,,"2,6-二甲基-7-辛烯-2-醇",C10H20O,CC(CCCC(C)(C)O)C=C,-1,-1,45.004,81.5,0.839,0.9361,10.1016/j.fluid.2012.12.035,1372,unmatched
"(1S,2S,5R)-蒎烷",C10H18,,"2,6-二甲基-7-辛烯-2-醇",C10H20O,CC(CCCC(C)(C)O)C=C,-1,-1,45.004,81.8,0.8079,0.9263,10.1016/j.fluid.2012.12.035,1373,unmatched
"(1S,2S,5R)-蒎烷",C10H18,,"2,6-二甲基-7-辛烯-2-醇",C10H20O,CC(CCCC(C)(C)O)C=C,-1,-1,45.004,82.3,0.7712,0.9161,10.1016/j.fluid.2012.12.035,1374,unmatched
"(1S,2S,5R)-蒎烷",C10H18,,"2,6-二甲基-7-辛烯-2-醇",C10H20O,CC(CCCC(C)(C)O)C=C,-1,-1,45.004,82.7,0.7298,0.9093,10.1016/j.fluid.2012.12.035,1375,unmatched
"(1S,2S,5R)-蒎烷",C10H18,,"2,6-二甲基-7-辛烯-2-醇",C10H20O,CC(CCCC(C)(C)O)C=C,-1,-1,45.004,83.3,0.6934,0.8972,10.1016/j.fluid.2012.12.035,1376,unmatched
"(1S,2S,5R)-蒎烷",C10H18,,"2,6-二甲基-7-辛烯-2-醇",C10H20O,CC(CCCC(C)(C)O)C=C,-1,-1,45.004,83.9,0.6447,0.8831,10.1016/j.fluid.2012.12.035,1377,unmatched
"(1S,2S,5R)-蒎烷",C10H18,,"2,6-二甲基-7-辛烯-2-醇",C10H20O,CC(CCCC(C)(C)O)C=C,-1,-1,45.004,84.7,0.6,0.8691,10.1016/j.fluid.2012.12.035,1378,unmatched
"(1S,2S,5R)-蒎烷",C10H18,,"2,6-二甲基-7-辛烯-2-醇",C10H20O,CC(CCCC(C)(C)O)C=C,-1,-1,45.004,86.0,0.5393,0.8503,10.1016/j.fluid.2012.12.035,1379,unmatched
"(1S,2S,5R)-蒎烷",C10H18,,"2,6-二甲基-7-辛烯-2-醇",C10H20O,CC(CCCC(C)(C)O)C=C,-1,-1,45.004,87.0,0.4953,0.8327,10.1016/j.fluid.2012.12.035,1380,unmatched
"(1S,2S,5R)-蒎烷",C10H18,,"2,6-二甲基-7-辛烯-2-醇",C10H20O,CC(CCCC(C)(C)O)C=C,-1,-1,45.004,89.4,0.4026,0.7922,10.1016/j.fluid.2012.12.035,1381,unmatched
"(1S,2S,5R)-蒎烷",C10H18,,"2,6-二甲基-7-辛烯-2-醇",C10H20O,CC(CCCC(C)(C)O)C=C,-1,-1,45.004,90.7,0.3499,0.7582,10.1016/j.fluid.2012.12.035,1382,unmatched
"(1S,2S,5R)-蒎烷",C10H18,,"2,6-二甲基-7-辛烯-2-醇",C10H20O,CC(CCCC(C)(C)O)C=C,-1,-1,45.004,92.7,0.3095,0.7251,10.1016/j.fluid.2012.12.035,1383,unmatched
"(1S,2S,5R)-蒎烷",C10H18,,"2,6-二甲基-7-辛烯-2-醇",C10H20O,CC(CCCC(C)(C)O)C=C,-1,-1,45.004,95.2,0.254,0.6695,10.1016/j.fluid.2012.12.035,1384,unmatched
"(1S,2S,5R)-蒎烷",C10H18,,"2,6-二甲基-7-辛烯-2-醇",C10H20O,CC(CCCC(C)(C)O)C=C,-1,-1,45.004,100.0,0.1611,0.5227,10.1016/j.fluid.2012.12.035,1385,unmatched
"(1S,2S,5R)-蒎烷",C10H18,,"2,6-二甲基-7-辛烯-2-醇",C10H20O,CC(CCCC(C)(C)O)C=C,-1,-1,45.004,106.3,0.0737,0.3051,10.1016/j.fluid.2012.12.035,1386,unmatched
"(1S,2S,5R)-蒎烷",C10H18,,"2,6-二甲基-7-辛烯-2-醇",C10H20O,CC(CCCC(C)(C)O)C=C,-1,-1,45.004,109.9,0.0288,0.1378,10.1016/j.fluid.2012.12.035,1387,unmatched
4-乙烯基环己烯,C8H12,C=CC1CCC=CC1,3-戊烯腈,C5H7N,C/C=C/CC#N,-1,-1,375.031,110.5,0.124,0.306,10.1016/j.jct.2015.08.015,5381,unmatched
4-乙烯基环己烯,C8H12,C=CC1CCC=CC1,3-戊烯腈,C5H7N,C/C=C/CC#N,-1,-1,375.031,106.1,0.22,0.445,10.1016/j.jct.2015.08.015,5382,unmatched
4-乙烯基环己烯,C8H12,C=CC1CCC=CC1,3-戊烯腈,C5H7N,C/C=C/CC#N,-1,-1,375.031,104.4,0.294,0.504,10.1016/j.jct.2015.08.015,5383,unmatched
4-乙烯基环己烯,C8H12,C=CC1CCC=CC1,3-戊烯腈,C5H7N,C/C=C/CC#N,-1,-1,375.031,101.7,0.401,0.61,10.1016/j.jct.2015.08.015,5384,unmatched
4-乙烯基环己烯,C8H12,C=CC1CCC=CC1,3-戊烯腈,C5H7N,C/C=C/CC#N,-1,-1,375.031,100.2,0.484,0.65,10.1016/j.jct.2015.08.015,5385,unmatched
4-乙烯基环己烯,C8H12,C=CC1CCC=CC1,3-戊烯腈,C5H7N,C/C=C/CC#N,-1,-1,375.031,99.4,0.601,0.686,10.1016/j.jct.2015.08.015,5386,unmatched
4-乙烯基环己烯,C8H12,C=CC1CCC=CC1,3-戊烯腈,C5H7N,C/C=C/CC#N,-1,-1,375.031,99.0,0.69,0.718,10.1016/j.jct.2015.08.015,5387,unmatched
4-乙烯基环己烯,C8H12,C=CC1CCC=CC1,3-戊烯腈,C5H7N,C/C=C/CC#N,-1,-1,375.031,99.0,0.756,0.76,10.1016/j.jct.2015.08.015,5388,unmatched
4-乙烯基环己烯,C8H12,C=CC1CCC=CC1,3-戊烯腈,C5H7N,C/C=C/CC#N,-1,-1,375.031,99.9,0.86,0.817,10.1016/j.jct.2015.08.015,5389,unmatched
4-乙烯基环己烯,C8H12,C=CC1CCC=CC1,3-戊烯腈,C5H7N,C/C=C/CC#N,-1,-1,750.062,137.5,0.13,0.3,10.1016/j.jct.2015.08.015,5390,unmatched
4-乙烯基环己烯,C8H12,C=CC1CCC=CC1,3-戊烯腈,C5H7N,C/C=C/CC#N,-1,-1,750.062,135.0,0.201,0.41,10.1016/j.jct.2015.08.015,5391,unmatched
4-乙烯基环己烯,C8H12,C=CC1CCC=CC1,3-戊烯腈,C5H7N,C/C=C/CC#N,-1,-1,750.062,132.7,0.27,0.487,10.1016/j.jct.2015.08.015,5392,unmatched
4-乙烯基环己烯,C8H12,C=CC1CCC=CC1,3-戊烯腈,C5H7N,C/C=C/CC#N,-1,-1,750.062,129.5,0.403,0.603,10.1016/j.jct.2015.08.015,5393,unmatched
4-乙烯基环己烯,C8H12,C=CC1CCC=CC1,3-戊烯腈,C5H7N,C/C=C/CC#N,-1,-1,750.062,128.4,0.468,0.643,10.1016/j.jct.2015.08.015,5394,unmatched
4-乙烯基环己烯,C8H12,C=CC1CCC=CC1,3-戊烯腈,C5H7N,C/C=C/CC#N,-1,-1,750.062,127.1,0.601,0.69,10.1016/j.jct.2015.08.015,5395,unmatched
4-乙烯基环己烯,C8H12,C=CC1CCC=CC1,3-戊烯腈,C5H7N,C/C=C/CC#N,-1,-1,750.062,126.1,0.72,0.75,10.1016/j.jct.2015.08.015,5396,unmatched
4-乙烯基环己烯,C8H12,C=CC1CCC=CC1,3-戊烯腈,C5H7N,C/C=C/CC#N,-1,-1,750.062,125.9,0.793,0.779,10.1016/j.jct.2015.08.015,5397,unmatched
4-乙烯基环己烯,C8H12,C=CC1CCC=CC1,3-戊烯腈,C5H7N,C/C=C/CC#N,-1,-1,750.062,126.1,0.871,0.827,10.1016/j.jct.2015.08.015,5398,unmatched
二氧化碳,CO2,C(=O)=O,甲酸异丁酯,C5H10O2,,-1,-1,1509.124,10.0,0.0825,0.9942,10.1016/j.jct.2013.05.017,6218,unmatched
二氧化碳,CO2,C(=O)=O,甲酸异丁酯,C5H10O2,,-1,-1,3189.262,10.0,0.1812,0.9943,10.1016/j.jct.2013.05.017,6219,unmatched
二氧化碳,CO2,C(=O)=O,甲酸异丁酯,C5H10O2,,-1,-1,4966.158,10.0,0.2658,0.9945,10.1016/j.jct.2013.05.017,6220,unmatched
二氧化碳,CO2,C(=O)=O,甲酸异丁酯,C5H10O2,,-1,-1,7217.844,10.0,0.3566,0.9945,10.1016/j.jct.2013.05.017,6221,unmatched
二氧化碳,CO2,C(=O)=O,甲酸异丁酯,C5H10O2,,-1,-1,9960.819,10.0,0.4468,0.9948,10.1016/j.jct.2013.05.017,6222,unmatched
二氧化碳,CO2,C(=O)=O,甲酸异丁酯,C5H10O2,,-1,-1,13893.393,10.0,0.5619,0.9948,10.1016/j.jct.2013.05.017,6223,unmatched
二氧化碳,CO2,C(=O)=O,甲酸异丁酯,C5H10O2,,-1,-1,19141.574,10.0,0.6799,0.9949,10.1016/j.jct.2013.05.017,6224,unmatched
二氧化碳,CO2,C(=O)=O,甲酸异丁酯,C5H10O2,,-1,-1,24639.526,10.0,0.7879,0.9951,10.1016/j.jct.2013.05.017,6225,unmatched
二氧化碳,CO2,C(=O)=O,甲酸异丁酯,C5H10O2,,-1,-1,29657.439,10.0,0.8712,0.9951,10.1016/j.jct.2013.05.017,6226,unmatched
二氧化碳,CO2,C(=O)=O,甲酸异丁酯,C5H10O2,,-1,-1,2439.201,20.0,0.0891,0.993,10.1016/j.jct.2013.05.017,6227,unmatched
二氧化碳,CO2,C(=O)=O,甲酸异丁酯,C5H10O2,,-1,-1,4391.611,20.0,0.1711,0.993,10.1016/j.jct.2013.05.017,6228,unmatched
二氧化碳,CO2,C(=O)=O,甲酸异丁酯,C5H10O2,,-1,-1,7590.624,20.0,0.2817,0.9931,10.1016/j.jct.2013.05.017,6229,unmatched
二氧化碳,CO2,C(=O)=O,甲酸异丁酯,C5H10O2,,-1,-1,10710.881,20.0,0.3681,0.9933,10.1016/j.jct.2013.05.017,6230,unmatched
二氧化碳,CO2,C(=O)=O,甲酸异丁酯,C5H10O2,,-1,-1,15458.771,20.0,0.4877,0.9934,10.1016/j.jct.2013.05.017,6231,unmatched
二氧化碳,CO2,C(=O)=O,甲酸异丁酯,C5H10O2,,-1,-1,20191.66,20.0,0.5919,0.9935,10.1016/j.jct.2013.05.017,6232,unmatched
二氧化碳,CO2,C(=O)=O,甲酸异丁酯,C5H10O2,,-1,-1,29274.908,20.0,0.7562,0.9938,10.1016/j.jct.2013.05.017,6233,unmatched
二氧化碳,CO2,C(=O)=O,甲酸异丁酯,C5H10O2,,-1,-1,31442.586,20.0,0.7888,0.994,10.1016/j.jct.2013.05.017,6234,unmatched
二氧化碳,CO2,C(=O)=O,甲酸异丁酯,C5H10O2,,-1,-1,36445.497,20.0,0.8563,0.9942,10.1016/j.jct.2013.05.017,6235,unmatched
二氧化碳,CO2,C(=O)=O,甲酸异丁酯,C5H10O2,,-1,-1,3094.004,30.0,0.1011,0.9925,10.1016/j.jct.2013.05.017,6236,unmatched
二氧化碳,CO2,C(=O)=O,甲酸异丁酯,C5H10O2,,-1,-1,5257.932,30.0,0.1722,0.9924,10.1016/j.jct.2013.05.017,6237,unmatched
二氧化碳,CO2,C(=O)=O,甲酸异丁酯,C5H10O2,,-1,-1,8385.69,30.0,0.2619,0.9926,10.1016/j.jct.2013.05.017,6238,unmatched
二氧化碳,CO2,C(=O)=O,甲酸异丁酯,C5H10O2,,-1,-1,11130.915,30.0,0.3255,0.9928,10.1016/j.jct.2013.05.017,6239,unmatched
二氧化碳,CO2,C(=O)=O,甲酸异丁酯,C5H10O2,,-1,-1,14558.697,30.0,0.4077,0.9928,10.1016/j.jct.2013.05.017,6240,unmatched
二氧化碳,CO2,C(=O)=O,甲酸异丁酯,C5H10O2,,-1,-1,18579.028,30.0,0.4907,0.9926,10.1016/j.jct.2013.05.017,6241,unmatched
二氧化碳,CO2,C(=O)=O,甲酸异丁酯,C5H10O2,,-1,-1,23191.907,30.0,0.5699,0.9929,10.1016/j.jct.2013.05.017,6242,unmatched
二氧化碳,CO2,C(=O)=O,甲酸异丁酯,C5H10O2,,-1,-1,29889.958,30.0,0.6744,0.993,10.1016/j.jct.2013.05.017,6243,unmatched
二氧化碳,CO2,C(=O)=O,甲酸异丁酯,C5H10O2,,-1,-1,35537.922,30.0,0.7509,0.9933,10.1016/j.jct.2013.05.017,6244,unmatched
二氧化碳,CO2,C(=O)=O,甲酸异丁酯,C5H10O2,,-1,-1,3003.997,40.0,0.0822,0.9918,10.1016/j.jct.2013.05.017,6245,unmatched
二氧化碳,CO2,C(=O)=O,甲酸异丁酯,C5H10O2,,-1,-1,5494.952,40.0,0.1528,0.9918,10.1016/j.jct.2013.05.017,6246,unmatched
二氧化碳,CO2,C(=O)=O,甲酸异丁酯,C5H10O2,,-1,-1,8926.484,40.0,0.2343,0.9917,10.1016/j.jct.2013.05.017,6247,unmatched
二氧化碳,CO2,C(=O)=O,甲酸异丁酯,C5H10O2,,-1,-1,12938.564,40.0,0.3155,0.9919,10.1016/j.jct.2013.05.017,6248,unmatched
二氧化碳,CO2,C(=O)=O,甲酸异丁酯,C5H10O2,,-1,-1,16666.371,40.0,0.3892,0.992,10.1016/j.jct.2013.05.017,6249,unmatched
二氧化碳,CO2,C(=O)=O,甲酸异丁酯,C5H10O2,,-1,-1,22036.812,40.0,0.4799,0.992,10.1016/j.jct.2013.05.017,6250,unmatched
二氧化碳,CO2,C(=O)=O,甲酸异丁酯,C5H10O2,,-1,-1,27137.232,40.0,0.5577,0.992,10.1016/j.jct.2013.05.017,6251,unmatched
二氧化碳,CO2,C(=O)=O,甲酸异丁酯,C5H10O2,,-1,-1,33625.265,40.0,0.6422,0.9921,10.1016/j.jct.2013.05.017,6252,unmatched
二氧化碳,CO2,C(=O)=O,甲酸异丁酯,C5H10O2,,-1,-1,38118.135,40.0,0.7028,0.9919,10.1016/j.jct.2013.05.017,6253,unmatched
二氧化碳,CO2,C(=O)=O,甲酸异丁酯,C5H10O2,,-1,-1,2473.703,50.0,0.0555,0.991,10.1016/j.jct.2013.05.017,6254,unmatched
二氧化碳,CO2,C(=O)=O,甲酸异丁酯,C5H10O2,,-1,-1,6396.526,50.0,0.1448,0.9911,10.1016/j.jct.2013.05.017,6255,unmatched
二氧化碳,CO2,C(=O)=O,甲酸异丁酯,C5H10O2,,-1,-1,9642.043,50.0,0.2111,0.9911,10.1016/j.jct.2013.05.017,6256,unmatched
二氧化碳,CO2,C(=O)=O,甲酸异丁酯,C5H10O2,,-1,-1,13163.582,50.0,0.2728,0.991,10.1016/j.jct.2013.05.017,6257,unmatched
二氧化碳,CO2,C(=O)=O,甲酸异丁酯,C5H10O2,,-1,-1,18639.033,50.0,0.3652,0.9915,10.1016/j.jct.2013.05.017,6258,unmatched
二氧化碳,CO2,C(=O)=O,甲酸异丁酯,C5H10O2,,-1,-1,24624.525,50.0,0.4568,0.9915,10.1016/j.jct.2013.05.017,6259,unmatched
二氧化碳,CO2,C(=O)=O,甲酸异丁酯,C5H10O2,,-1,-1,29867.456,50.0,0.5322,0.9916,10.1016/j.jct.2013.05.017,6260,unmatched
二氧化碳,CO2,C(=O)=O,甲酸异丁酯,C5H10O2,,-1,-1,35965.458,50.0,0.6121,0.9916,10.1016/j.jct.2013.05.017,6261,unmatched
二氧化碳,CO2,C(=O)=O,甲酸异丁酯,C5H10O2,,-1,-1,40938.367,50.0,0.6675,0.9914,10.1016/j.jct.2013.05.017,6262,unmatched
二氧化碳,CO2,C(=O)=O,甲酸异丁酯,C5H10O2,,-1,-1,3258.268,60.0,0.0616,0.9882,10.1016/j.jct.2013.05.017,6263,unmatched
二氧化碳,CO2,C(=O)=O,甲酸异丁酯,C5H10O2,,-1,-1,7688.132,60.0,0.1451,0.9882,10.1016/j.jct.2013.05.017,6264,unmatched
二氧化碳,CO2,C(=O)=O,甲酸异丁酯,C5H10O2,,-1,-1,11985.986,60.0,0.2218,0.9882,10.1016/j.jct.2013.05.017,6265,unmatched
二氧化碳,CO2,C(=O)=O,甲酸异丁酯,C5H10O2,,-1,-1,15672.539,60.0,0.2772,0.9886,10.1016/j.jct.2013.05.017,6266,unmatched
二氧化碳,CO2,C(=O)=O,甲酸异丁酯,C5H10O2,,-1,-1,21009.228,60.0,0.3578,0.988,10.1016/j.jct.2013.05.017,6267,unmatched
二氧化碳,CO2,C(=O)=O,甲酸异丁酯,C5H10O2,,-1,-1,24061.979,60.0,0.4025,0.9895,10.1016/j.jct.2013.05.017,6268,unmatched
二氧化碳,CO2,C(=O)=O,甲酸异丁酯,C5H10O2,,-1,-1,28517.345,60.0,0.4621,0.989,10.1016/j.jct.2013.05.017,6269,unmatched
二氧化碳,CO2,C(=O)=O,甲酸异丁酯,C5H10O2,,-1,-1,34367.826,60.0,0.5368,0.9895,10.1016/j.jct.2013.05.017,6270,unmatched
二氧化碳,CO2,C(=O)=O,甲酸异丁酯,C5H10O2,,-1,-1,41245.892,60.0,0.602,0.9895,10.1016/j.jct.2013.05.017,6271,unmatched
二氧化碳,CO2,C(=O)=O,甲酸异丁酯,C5H10O2,,-1,-1,4873.901,70.0,0.081,0.9851,10.1016/j.jct.2013.05.017,6272,unmatched
二氧化碳,CO2,C(=O)=O,甲酸异丁酯,C5H10O2,,-1,-1,10965.902,70.0,0.1722,0.9852,10.1016/j.jct.2013.05.017,6273,unmatched
二氧化碳,CO2,C(=O)=O,甲酸异丁酯,C5H10O2,,-1,-1,16388.848,70.0,0.2488,0.9852,10.1016/j.jct.2013.05.017,6274,unmatched
二氧化碳,CO2,C(=O)=O,甲酸异丁酯,C5H10O2,,-1,-1,20664.199,70.0,0.3025,0.9855,10.1016/j.jct.2013.05.017,6275,unmatched
二氧化碳,CO2,C(=O)=O,甲酸异丁酯,C5H10O2,,-1,-1,27204.737,70.0,0.3882,0.9856,10.1016/j.jct.2013.05.017,6276,unmatched
二氧化碳,CO2,C(=O)=O,甲酸异丁酯,C5H10O2,,-1,-1,32342.66,70.0,0.4521,0.9856,10.1016/j.jct.2013.05.017,6277,unmatched
二氧化碳,CO2,C(=O)=O,甲酸异丁酯,C5H10O2,,-1,-1,38710.684,70.0,0.5234,0.9856,10.1016/j.jct.2013.05.017,6278,unmatched
二氧化碳,CO2,C(=O)=O,甲酸异丁酯,C5H10O2,,-1,-1,41425.907,70.0,0.5513,0.9857,10.1016/j.jct.2013.05.017,6279,unmatched
1-丁醇,C4H10O,CCCCO,L-乳酸丁酯,C7H14O3,CCCCOC(=O)C(C)O,-1,-1,760.038,187.6,0.0,0.0,10.1016/j.fluid.2005.02.015,10541,unmatched
1-丁醇,C4H10O,CCCCO,L-乳酸丁酯,C7H14O3,CCCCOC(=O)C(C)O,-1,-1,760.038,184.6,0.0175,0.1033,10.1016/j.fluid.2005.02.015,10542,unmatched
1-丁醇,C4H10O,CCCCO,L-乳酸丁酯,C7H14O3,CCCCOC(=O)C(C)O,-1,-1,760.038,175.74,0.0712,0.341,10.1016/j.fluid.2005.02.015,10543,unmatched
1-丁醇,C4H10O,CCCCO,L-乳酸丁酯,C7H14O3,CCCCOC(=O)C(C)O,-1,-1,760.038,164.35,0.1487,0.5475,10.1016/j.fluid.2005.02.015,10544,unmatched
1-丁醇,C4H10O,CCCCO,L-乳酸丁酯,C7H14O3,CCCCOC(=O)C(C)O,-1,-1,760.038,158.12,0.2029,0.6444,10.1016/j.fluid.2005.02.015,10545,unmatched
1-丁醇,C4H10O,CCCCO,L-乳酸丁酯,C7H14O3,CCCCOC(=O)C(C)O,-1,-1,760.038,151.95,0.2636,0.722,10.1016/j.fluid.2005.02.015,10546,unmatched
1-丁醇,C4H10O,CCCCO,L-乳酸丁酯,C7H14O3,CCCCOC(=O)C(C)O,-1,-1,760.038,146.25,0.3376,0.7983,10.1016/j.fluid.2005.02.015,10547,unmatched
1-丁醇,C4H10O,CCCCO,L-乳酸丁酯,C7H14O3,CCCCOC(=O)C(C)O,-1,-1,760.038,142.62,0.3773,0.8334,10.1016/j.fluid.2005.02.015,10548,unmatched
1-丁醇,C4H10O,CCCCO,L-乳酸丁酯,C7H14O3,CCCCOC(=O)C(C)O,-1,-1,760.038,141.3,0.4049,0.841,10.1016/j.fluid.2005.02.015,10549,unmatched
1-丁醇,C4H10O,CCCCO,L-乳酸丁酯,C7H14O3,CCCCOC(=O)C(C)O,-1,-1,760.038,137.95,0.4556,0.883,10.1016/j.fluid.2005.02.015,10550,unmatched
1-丁醇,C4H10O,CCCCO,L-乳酸丁酯,C7H14O3,CCCCOC(=O)C(C)O,-1,-1,760.038,136.04,0.4941,0.8947,10.1016/j.fluid.2005.02.015,10551,unmatched
1-丁醇,C4H10O,CCCCO,L-乳酸丁酯,C7H14O3,CCCCOC(=O)C(C)O,-1,-1,760.038,135.06,0.5113,0.8994,10.1016/j.fluid.2005.02.015,10552,unmatched
1-丁醇,C4H10O,CCCCO,L-乳酸丁酯,C7H14O3,CCCCOC(=O)C(C)O,-1,-1,760.038,133.95,0.5357,0.9065,10.1016/j.fluid.2005.02.015,10553,unmatched
1-丁醇,C4H10O,CCCCO,L-乳酸丁酯,C7H14O3,CCCCOC(=O)C(C)O,-1,-1,760.038,131.58,0.5835,0.929,10.1016/j.fluid.2005.02.015,10554,unmatched
1-丁醇,C4H10O,CCCCO,L-乳酸丁酯,C7H14O3,CCCCOC(=O)C(C)O,-1,-1,760.038,131.02,0.594,0.9316,10.1016/j.fluid.2005.02.015,10555,unmatched
1-丁醇,C4H10O,CCCCO,L-乳酸丁酯,C7H14O3,CCCCOC(=O)C(C)O,-1,-1,760.038,127.8,0.6699,0.9505,10.1016/j.fluid.2005.02.015,10556,unmatched
1-丁醇,C4H10O,CCCCO,L-乳酸丁酯,C7H14O3,CCCCOC(=O)C(C)O,-1,-1,760.038,126.85,0.6887,0.9589,10.1016/j.fluid.2005.02.015,10557,unmatched
1-丁醇,C4H10O,CCCCO,L-乳酸丁酯,C7H14O3,CCCCOC(=O)C(C)O,-1,-1,760.038,125.52,0.7218,0.9671,10.1016/j.fluid.2005.02.015,10558,unmatched
1-丁醇,C4H10O,CCCCO,L-乳酸丁酯,C7H14O3,CCCCOC(=O)C(C)O,-1,-1,760.038,124.45,0.7534,0.9683,10.1016/j.fluid.2005.02.015,10559,unmatched
1-丁醇,C4H10O,CCCCO,L-乳酸丁酯,C7H14O3,CCCCOC(=O)C(C)O,-1,-1,760.038,121.12,0.8587,0.98,10.1016/j.fluid.2005.02.015,10560,unmatched
1-丁醇,C4H10O,CCCCO,L-乳酸丁酯,C7H14O3,CCCCOC(=O)C(C)O,-1,-1,760.038,119.62,0.9106,0.988,10.1016/j.fluid.2005.02.015,10561,unmatched
1-丁醇,C4H10O,CCCCO,L-乳酸丁酯,C7H14O3,CCCCOC(=O)C(C)O,-1,-1,760.038,119.19,0.9238,0.9895,10.1016/j.fluid.2005.02.015,10562,unmatched
1-丁醇,C4H10O,CCCCO,L-乳酸丁酯,C7H14O3,CCCCOC(=O)C(C)O,-1,-1,760.038,118.84,0.9398,0.9913,10.1016/j.fluid.2005.02.015,10563,unmatched
1-丁醇,C4H10O,CCCCO,L-乳酸丁酯,C7H14O3,CCCCOC(=O)C(C)O,-1,-1,760.038,118.44,0.9536,0.9924,10.1016/j.fluid.2005.02.015,10564,unmatched
1-丁醇,C4H10O,CCCCO,L-乳酸丁酯,C7H14O3,CCCCOC(=O)C(C)O,-1,-1,760.038,118.2,0.9667,0.9938,10.1016/j.fluid.2005.02.015,10565,unmatched
1-丁醇,C4H10O,CCCCO,L-乳酸丁酯,C7H14O3,CCCCOC(=O)C(C)O,-1,-1,760.038,117.73,1.0,1.0,10.1016/j.fluid.2005.02.015,10566,unmatched
氟乙烷,C2H5F,CCF,"1,1,1,2,3,3,3-七氟丙烷",C3HF7,C(C(F)(F)F)(C(F)(F)F)F,-1,-1,4016.28,30.0,0.0815,0.0979,10.1016/j.fluid.2010.06.006,11207,unmatched
噻吩,C4H4S,C1=CSC=C1,"2,3-二甲基-2-丁烯",C6H12,CC(=C(C)C)C,1,-1,760.038,73.1,0.000103,5.6e-05,10.1016/j.fluid.2013.05.019,13053,ambiguous
噻吩,C4H4S,C1=CSC=C1,"2,3-二甲基-2-丁烯",C6H12,CC(=C(C)C)C,1,-1,760.038,73.1,0.00011,4.9e-05,10.1016/j.fluid.2013.05.019,13054,ambiguous
噻吩,C4H4S,C1=CSC=C1,"2,3-二甲基-2-丁烯",C6H12,CC(=C(C)C)C,1,-1,760.038,73.12,0.000138,6.3e-05,10.1016/j.fluid.2013.05.019,13055,ambiguous
噻吩,C4H4S,C1=CSC=C1,"2,3-二甲基-2-丁烯",C6H12,CC(=C(C)C)C,1,-1,760.038,73.12,0.000145,6.8e-05,10.1016/j.fluid.2013.05.019,13056,ambiguous
噻吩,C4H4S,C1=CSC=C1,"2,3-二甲基-2-丁烯",C6H12,CC(=C(C)C)C,1,-1,760.038,73.12,0.000151,7e-05,10.1016/j.fluid.2013.05.019,13057,ambiguous
噻吩,C4H4S,C1=CSC=C1,"2,3-二甲基-2-丁烯",C6H12,CC(=C(C)C)C,1,-1,760.038,73.12,0.000156,7.4e-05,10.1016/j.fluid.2013.05.019,13058,ambiguous
噻吩,C4H4S,C1=CSC=C1,"2,3-二甲基-2-丁烯",C6H12,CC(=C(C)C)C,1,-1,760.038,73.12,0.000197,8.9e-05,10.1016/j.fluid.2013.05.019,13059,ambiguous
噻吩,C4H4S,C1=CSC=C1,"2,3-二甲基-2-丁烯",C6H12,CC(=C(C)C)C,1,-1,760.038,73.12,0.000218,9.9e-05,10.1016/j.fluid.2013.05.019,13060,ambiguous
噻吩,C4H4S,C1=CSC=C1,"2,3-二甲基-2-丁烯",C6H12,CC(=C(C)C)C,1,-1,760.038,73.12,0.000256,0.000109,10.1016/j.fluid.2013.05.019,13061,ambiguous
噻吩,C4H4S,C1=CSC=C1,"2,3-二甲基-2-丁烯",C6H12,CC(=C(C)C)C,1,-1,760.038,73.12,0.000299,0.000119,10.1016/j.fluid.2013.05.019,13062,ambiguous
噻吩,C4H4S,C1=CSC=C1,"2,3-二甲基-2-丁烯",C6H12,CC(=C(C)C)C,1,-1,760.038,73.12,0.000325,0.000147,10.1016/j.fluid.2013.05.019,13063,ambiguous
噻吩,C4H4S,C1=CSC=C1,"2,3-二甲基-2-丁烯",C6H12,CC(=C(C)C)C,1,-1,760.038,73.12,0.000359,0.000165,10.1016/j.fluid.2013.05.019,13064,ambiguous
噻吩,C4H4S,C1=CSC=C1,"2,3-二甲基-2-丁烯",C6H12,CC(=C(C)C)C,1,-1,760.038,73.12,0.000418,0.000197,10.1016/j.fluid.2013.05.019,13065,ambiguous
噻吩,C4H4S,C1=CSC=C1,"2,3-二甲基-2-丁烯",C6H12,CC(=C(C)C)C,1,-1,760.038,73.12,0.000465,0.000207,10.1016/j.fluid.2013.05.019,13066,ambiguous
噻吩,C4H4S,C1=CSC=C1,"2,3-二甲基-2-丁烯",C6H12,CC(=C(C)C)C,1,-1,760.038,73.12,0.000513,0.000244,10.1016/j.fluid.2013.05.019,13067,ambiguous
噻吩,C4H4S,C1=CSC=C1,"2,3-二甲基-2-丁烯",C6H12,CC(=C(C)C)C,1,-1,760.038,73.12,0.000576,0.000296,10.1016/j.fluid.2013.05.019,13068,ambiguous
噻吩,C4H4S,C1=CSC=C1,"2,3-二甲基-2-丁烯",C6H12,CC(=C(C)C)C,1,-1,760.038,73.12,0.000624,0.000317,10.1016/j.fluid.2013.05.019,13069,ambiguous
噻吩,C4H4S,C1=CSC=C1,"2,3-二甲基-2-丁烯",C6H12,CC(=C(C)C)C,1,-1,760.038,73.12,0.000681,0.000358,10.1016/j.fluid.2013.05.019,13070,ambiguous
噻吩,C4H4S,C1=CSC=C1,"2,3-二甲基-2-丁烯",C6H12,CC(=C(C)C)C,1,-1,760.038,73.12,0.000713,0.000405,10.1016/j.fluid.2013.05.019,13071,ambiguous
噻吩,C4H4S,C1=CSC=C1,正庚烷,C7H16,CCCCCCC,1,-1,760.038,98.19,1.5e-05,2.6e-05,10.1016/j.fluid.2013.05.019,13076,ambiguous
噻吩,C4H4S,C1=CSC=C1,正庚烷,C7H16,CCCCCCC,1,-1,760.038,98.19,2.8e-05,6e-05,10.1016/j.fluid.2013.05.019,13077,ambiguous
噻吩,C4H4S,C1=CSC=C1,正庚烷,C7H16,CCCCCCC,1,-1,760.038,98.19,3e-05,7.5e-05,10.1016/j.fluid.2013.05.019,13078,ambiguous
噻吩,C4H4S,C1=CSC=C1,正庚烷,C7H16,CCCCCCC,1,-1,760.038,98.19,3.5e-05,6.8e-05,10.1016/j.fluid.2013.05.019,13079,ambiguous
噻吩,C4H4S,C1=CSC=C1,正庚烷,C7H16,CCCCCCC,1,-1,760.038,98.19,3.7e-05,9.4e-05,10.1016/j.fluid.2013.05.019,13080,ambiguous
噻吩,C4H4S,C1=CSC=C1,正庚烷,C7H16,CCCCCCC,1,-1,760.038,98.19,7.4e-05,0.000156,10.1016/j.fluid.2013.05.019,13081,ambiguous
噻吩,C4H4S,C1=CSC=C1,正庚烷,C7H16,CCCCCCC,1,-1,760.038,98.19,7.6e-05,0.000167,10.1016/j.fluid.2013.05.019,13082,ambiguous
噻吩,C4H4S,C1=CSC=C1,正庚烷,C7H16,CCCCCCC,1,-1,760.038,98.19,7.7e-05,0.000145,10.1016/j.fluid.2013.05.019,13083,ambiguous
噻吩,C4H4S,C1=CSC=C1,正庚烷,C7H16,CCCCCCC,1,-1,760.038,98.19,7.7e-05,0.000144,10.1016/j.fluid.2013.05.019,13084,ambiguous
噻吩,C4H4S,C1=CSC=C1,正庚烷,C7H16,CCCCCCC,1,-1,760.038,98.19,7.7e-05,0.000169,10.1016/j.fluid.2013.05.019,13085,ambiguous
噻吩,C4H4S,C1=CSC=C1,正庚烷,C7H16,CCCCCCC,1,-1,760.038,98.19,8.8e-05,0.000172,10.1016/j.fluid.2013.05.019,13086,ambiguous
噻吩,C4H4S,C1=CSC=C1,正庚烷,C7H16,CCCCCCC,1,-1,760.038,98.19,9.4e-05,0.000195,10.1016/j.fluid.2013.05.019,13087,ambiguous
噻吩,C4H4S,C1=CSC=C1,正庚烷,C7H16,CCCCCCC,1,-1,760.038,98.19,0.000141,0.000306,10.1016/j.fluid.2013.05.019,13089,ambiguous
噻吩,C4H4S,C1=CSC=C1,正庚烷,C7H16,CCCCCCC,1,-1,760.038,98.17,0.000154,0.000307,10.1016/j.fluid.2013.05.019,13090,ambiguous
噻吩,C4H4S,C1=CSC=C1,正庚烷,C7H16,CCCCCCC,1,-1,760.038,98.17,0.000163,0.000304,10.1016/j.fluid.2013.05.019,13091,ambiguous
噻吩,C4H4S,C1=CSC=C1,正庚烷,C7H16,CCCCCCC,1,-1,760.038,98.17,0.000176,0.000334,10.1016/j.fluid.2013.05.019,13092,ambiguous
噻吩,C4H4S,C1=CSC=C1,正庚烷,C7H16,CCCCCCC,1,-1,760.038,98.17,0.000179,0.000354,10.1016/j.fluid.2013.05.019,13093,ambiguous
噻吩,C4H4S,C1=CSC=C1,正庚烷,C7H16,CCCCCCC,1,-1,760.038,98.17,0.000196,0.000427,10.1016/j.fluid.2013.05.019,13094,ambiguous
噻吩,C4H4S,C1=CSC=C1,正庚烷,C7H16,CCCCCCC,1,-1,760.038,98.17,0.0002,0.000419,10.1016/j.fluid.2013.05.019,13095,ambiguous
噻吩,C4H4S,C1=CSC=C1,正庚烷,C7H16,CCCCCCC,1,-1,760.038,98.15,0.000438,0.001173,10.1016/j.fluid.2013.05.019,13100,ambiguous
噻吩,C4H4S,C1=CSC=C1,正庚烷,C7H16,CCCCCCC,1,-1,760.038,98.15,0.000466,0.001178,10.1016/j.fluid.2013.05.019,13101,ambiguous
3-甲基噻吩,C5H6S,CC1=CSC=C1,"2,3-二甲基-1-丁烯",C6H12,CC(C)C(=C)C,-1,1,760.038,55.53,4.9e-05,1.2e-05,10.1016/j.fluid.2013.05.019,13111,ambiguous
3-甲基噻吩,C5H6S,CC1=CSC=C1,"2,3-二甲基-1-丁烯",C6H12,CC(C)C(=C)C,-1,1,760.038,55.53,8.9e-05,2e-05,10.1016/j.fluid.2013.05.019,13112,ambiguous
3-甲基噻吩,C5H6S,CC1=CSC=C1,"2,3-二甲基-1-丁烯",C6H12,CC(C)C(=C)C,-1,1,760.038,55.55,0.00021,3.8e-05,10.1016/j.fluid.2013.05.019,13114,ambiguous
3-甲基噻吩,C5H6S,CC1=CSC=C1,"2,3-二甲基-1-丁烯",C6H12,CC(C)C(=C)C,-1,1,760.038,55.55,0.000227,4.4e-05,10.1016/j.fluid.2013.05.019,13115,ambiguous
3-甲基噻吩,C5H6S,CC1=CSC=C1,"2,3-二甲基-1-丁烯",C6H12,CC(C)C(=C)C,-1,1,760.038,55.55,0.000276,5.1e-05,10.1016/j.fluid.2013.05.019,13116,ambiguous
3-甲基噻吩,C5H6S,CC1=CSC=C1,"2,3-二甲基-1-丁烯",C6H12,CC(C)C(=C)C,-1,1,760.038,55.55,0.000334,6.3e-05,10.1016/j.fluid.2013.05.019,13117,ambiguous
3-甲基噻吩,C5H6S,CC1=CSC=C1,"2,3-二甲基-1-丁烯",C6H12,CC(C)C(=C)C,-1,1,760.038,55.55,0.000378,7.3e-05,10.1016/j.fluid.2013.05.019,13118,ambiguous
3-甲基噻吩,C5H6S,CC1=CSC=C1,"2,3-二甲基-1-丁烯",C6H12,CC(C)C(=C)C,-1,1,760.038,55.55,0.000404,7.6e-05,10.1016/j.fluid.2013.05.019,13119,ambiguous
3-甲基噻吩,C5H6S,CC1=CSC=C1,"2,3-二甲基-1-丁烯",C6H12,CC(C)C(=C)C,-1,1,760.038,55.55,0.000469,7.9e-05,10.1016/j.fluid.2013.05.019,13120,ambiguous
3-甲基噻吩,C5H6S,CC1=CSC=C1,"2,3-二甲基-1-丁烯",C6H12,CC(C)C(=C)C,-1,1,760.038,55.55,0.000508,8.7e-05,10.1016/j.fluid.2013.05.019,13121,ambiguous
3-甲基噻吩,C5H6S,CC1=CSC=C1,"2,3-二甲基-1-丁烯",C6H12,CC(C)C(=C)C,-1,1,760.038,55.57,0.000581,0.000104,10.1016/j.fluid.2013.05.019,13122,ambiguous
3-甲基噻吩,C5H6S,CC1=CSC=C1,"2,3-二甲基-1-丁烯",C6H12,CC(C)C(=C)C,-1,1,760.038,55.57,0.00063,0.000106,10.1016/j.fluid.2013.05.019,13123,ambiguous
3-甲基噻吩,C5H6S,CC1=CSC=C1,"2,3-二甲基-1-丁烯",C6H12,CC(C)C(=C)C,-1,1,760.038,55.57,0.000681,0.000114,10.1016/j.fluid.2013.05.019,13124,ambiguous
3-甲基噻吩,C5H6S,CC1=CSC=C1,"2,3-二甲基-1-丁烯",C6H12,CC(C)C(=C)C,-1,1,760.038,55.57,0.000709,0.000119,10.1016/j.fluid.2013.05.019,13125,ambiguous
3-甲基噻吩,C5H6S,CC1=CSC=C1,"2,3-二甲基-1-丁烯",C6H12,CC(C)C(=C)C,-1,1,760.038,55.57,0.000726,0.000117,10.1016/j.fluid.2013.05.019,13126,ambiguous
3-甲基噻吩,C5H6S,CC1=CSC=C1,"2,3-二甲基-1-丁烯",C6H12,CC(C)C(=C)C,-1,1,760.038,55.57,0.000741,0.000121,10.1016/j.fluid.2013.05.019,13127,ambiguous
3-甲基噻吩,C5H6S,CC1=CSC=C1,"2,3-二甲基-1-丁烯",C6H12,CC(C)C(=C)C,-1,1,760.038,55.57,0.000793,0.000127,10.1016/j.fluid.2013.05.019,13128,ambiguous
3-甲基噻吩,C5H6S,CC1=CSC=C1,"2,3-二甲基-1-丁烯",C6H12,CC(C)C(=C)C,-1,1,760.038,55.57,0.00082,0.00013,10.1016/j.fluid.2013.05.019,13129,ambiguous
3-甲基噻吩,C5H6S,CC1=CSC=C1,"2,3-二甲基-1-丁烯",C6H12,CC(C)C(=C)C,-1,1,760.038,55.59,0.000895,0.000134,10.1016/j.fluid.2013.05.019,13130,ambiguous
3-甲基噻吩,C5H6S,CC1=CSC=C1,"2,3-二甲基-1-丁烯",C6H12,CC(C)C(=C)C,-1,1,760.038,55.59,0.000937,0.000143,10.1016/j.fluid.2013.05.019,13131,ambiguous
3-甲基噻吩,C5H6S,CC1=CSC=C1,"2,3-二甲基-1-丁烯",C6H12,CC(C)C(=C)C,-1,1,760.038,98.19,2.6e-05,2.2e-05,10.1016/j.fluid.2013.05.019,13135,ambiguous
3-甲基噻吩,C5H6S,CC1=CSC=C1,"2,3-二甲基-1-丁烯",C6H12,CC(C)C(=C)C,-1,1,760.038,98.19,4e-05,3.6e-05,10.1016/j.fluid.2013.05.019,13136,ambiguous
3-甲基噻吩,C5H6S,CC1=CSC=C1,"2,3-二甲基-1-丁烯",C6H12,CC(C)C(=C)C,-1,1,760.038,98.19,6.7e-05,5.6e-05,10.1016/j.fluid.2013.05.019,13137,ambiguous
3-甲基噻吩,C5H6S,CC1=CSC=C1,"2,3-二甲基-1-丁烯",C6H12,CC(C)C(=C)C,-1,1,760.038,98.19,0.000127,0.000119,10.1016/j.fluid.2013.05.019,13138,ambiguous
3-甲基噻吩,C5H6S,CC1=CSC=C1,"2,3-二甲基-1-丁烯",C6H12,CC(C)C(=C)C,-1,1,760.038,98.19,0.000135,0.000163,10.1016/j.fluid.2013.05.019,13139,ambiguous
3-甲基噻吩,C5H6S,CC1=CSC=C1,"2,3-二甲基-1-丁烯",C6H12,CC(C)C(=C)C,-1,1,760.038,98.19,0.000195,0.000205,10.1016/j.fluid.2013.05.019,13140,ambiguous
3-甲基噻吩,C5H6S,CC1=CSC=C1,"2,3-二甲基-1-丁烯",C6H12,CC(C)C(=C)C,-1,1,760.038,98.19,0.000206,0.000216,10.1016/j.fluid.2013.05.019,13141,ambiguous
3-甲基噻吩,C5H6S,CC1=CSC=C1,"2,3-二甲基-1-丁烯",C6H12,CC(C)C(=C)C,-1,1,760.038,98.19,0.000238,0.000269,10.1016/j.fluid.2013.05.019,13142,ambiguous
3-甲基噻吩,C5H6S,CC1=CSC=C1,"2,3-二甲基-1-丁烯",C6H12,CC(C)C(=C)C,-1,1,760.038,98.19,0.000269,0.000289,10.1016/j.fluid.2013.05.019,13143,ambiguous
3-甲基噻吩,C5H6S,CC1=CSC=C1,"2,3-二甲基-1-丁烯",C6H12,CC(C)C(=C)C,-1,1,760.038,98.19,0.000279,0.000293,10.1016/j.fluid.2013.05.019,13144,ambiguous
3-甲基噻吩,C5H6S,CC1=CSC=C1,"2,3-二甲基-1-丁烯",C6H12,CC(C)C(=C)C,-1,1,760.038,98.19,0.000306,0.000309,10.1016/j.fluid.2013.05.019,13145,ambiguous
3-甲基噻吩,C5H6S,CC1=CSC=C1,"2,3-二甲基-1-丁烯",C6H12,CC(C)C(=C)C,-1,1,760.038,98.19,0.000329,0.000337,10.1016/j.fluid.2013.05.019,13146,ambiguous
3-甲基噻吩,C5H6S,CC1=CSC=C1,"2,3-二甲基-1-丁烯",C6H12,CC(C)C(=C)C,-1,1,760.038,98.19,0.000354,0.000385,10.1016/j.fluid.2013.05.019,13147,ambiguous
3-甲基噻吩,C5H6S,CC1=CSC=C1,"2,3-二甲基-1-丁烯",C6H12,CC(C)C(=C)C,-1,1,760.038,98.19,0.000403,0.000405,10.1016/j.fluid.2013.05.019,13148,ambiguous
3-甲基噻吩,C5H6S,CC1=CSC=C1,"2,3-二甲基-1-丁烯",C6H12,CC(C)C(=C)C,-1,1,760.038,98.19,0.000422,0.000467,10.1016/j.fluid.2013.05.019,13149,ambiguous
3-甲基噻吩,C5H6S,CC1=CSC=C1,"2,3-二甲基-1-丁烯",C6H12,CC(C)C(=C)C,-1,1,760.038,98.19,0.000463,0.000485,10.1016/j.fluid.2013.05.019,13150,ambiguous
3-甲基噻吩,C5H6S,CC1=CSC=C1,"2,3-二甲基-1-丁烯",C6H12,CC(C)C(=C)C,-1,1,760.038,98.19,0.000614,0.000626,10.1016/j.fluid.2013.05.019,13153,ambiguous
3-甲基噻吩,C5H6S,CC1=CSC=C1,"2,3-二甲基-1-丁烯",C6H12,CC(C)C(=C)C,-1,1,760.038,98.19,0.000655,0.000653,10.1016/j.fluid.2013.05.019,13154,ambiguous
3-甲基噻吩,C5H6S,CC1=CSC=C1,"2,3-二甲基-1-丁烯",C6H12,CC(C)C(=C)C,-1,1,760.038,98.21,0.000839,0.000782,10.1016/j.fluid.2013.05.019,13157,ambiguous
3-甲基噻吩,C5H6S,CC1=CSC=C1,"2,3-二甲基-1-丁烯",C6H12,CC(C)C(=C)C,-1,1,760.038,98.21,0.000881,0.000772,10.1016/j.fluid.2013.05.019,13158,ambiguous
3-甲基噻吩,C5H6S,CC1=CSC=C1,"2,3-二甲基-1-丁烯",C6H12,CC(C)C(=C)C,-1,1,760.038,98.21,0.000945,0.000867,10.1016/j.fluid.2013.05.019,13159,ambiguous
3-甲基噻吩,C5H6S,CC1=CSC=C1,"2,3-二甲基-1-丁烯",C6H12,CC(C)C(=C)C,-1,1,760.038,98.21,0.000993,0.000883,10.1016/j.fluid.2013.05.019,13160,ambiguous
3-甲基噻吩,C5H6S,CC1=CSC=C1,"2,3-二甲基-1-丁烯",C6H12,CC(C)C(=C)C,-1,1,760.038,98.21,0.001032,0.000896,10.1016/j.fluid.2013.05.019,13161,ambiguous
3-甲基噻吩,C5H6S,CC1=CSC=C1,"2,3-二甲基-1-丁烯",C6H12,CC(C)C(=C)C,-1,1,760.038,98.21,0.001047,0.000913,10.1016/j.fluid.2013.05.019,13162,ambiguous
3-甲基噻吩,C5H6S,CC1=CSC=C1,"2,3-二甲基-1-丁烯",C6H12,CC(C)C(=C)C,-1,1,760.038,98.21,0.001087,0.000932,10.1016/j.fluid.2013.05.019,13163,ambiguous
3-甲基噻吩,C5H6S,CC1=CSC=C1,"2,3-二甲基-1-丁烯",C6H12,CC(C)C(=C)C,-1,1,760.038,98.21,0.001306,0.001011,10.1016/j.fluid.2013.05.019,13166,ambiguous
3-甲基噻吩,C5H6S,CC1=CSC=C1,"2,3-二甲基-1-丁烯",C6H12,CC(C)C(=C)C,-1,1,760.038,98.21,0.001349,0.001005,10.1016/j.fluid.2013.05.019,13167,ambiguous
2-甲基吡嗪,C5H6N2,CC1=NC=CN=C1,甲苯,C7H8,CC1=CC=CC=C1,-1,-1,3.188,-9.997,0.1346,0.0384,10.1016/j.fluid.2015.03.033,14472,unmatched
2-甲基吡嗪,C5H6N2,CC1=NC=CN=C1,甲苯,C7H8,CC1=CC=CC=C1,-1,-1,2.858,-9.997,0.2424,0.0736,10.1016/j.fluid.2015.03.033,14473,unmatched
2-甲基吡嗪,C5H6N2,CC1=NC=CN=C1,甲苯,C7H8,CC1=CC=CC=C1,-1,-1,2.588,-9.997,0.3729,0.1208,10.1016/j.fluid.2015.03.033,14474,unmatched
2-甲基吡嗪,C5H6N2,CC1=NC=CN=C1,甲苯,C7H8,CC1=CC=CC=C1,-1,-1,2.258,-9.997,0.505,0.1783,10.1016/j.fluid.2015.03.033,14475,unmatched
2-甲基吡嗪,C5H6N2,CC1=NC=CN=C1,甲苯,C7H8,CC1=CC=CC=C1,-1,-1,1.89,-9.997,0.6416,0.2624,10.1016/j.fluid.2015.03.033,14476,unmatched
2-甲基吡嗪,C5H6N2,CC1=NC=CN=C1,甲苯,C7H8,CC1=CC=CC=C1,-1,-1,1.523,-9.997,0.7642,0.3866,10.1016/j.fluid.2015.03.033,14477,unmatched
2-丙醇,C3H8O,CC(C)O,乙酸异丙酯,C5H10O2,,-1,-1,757.562,88.65,0.0,0.0,10.1016/j.fluid.2017.09.010,18501,unmatched
2-丙醇,C3H8O,CC(C)O,乙酸异丙酯,C5H10O2,,-1,-1,757.562,86.55,0.0673,0.1036,10.1016/j.fluid.2017.09.010,18502,unmatched
2-丙醇,C3H8O,CC(C)O,乙酸异丙酯,C5H10O2,,-1,-1,757.562,84.55,0.1272,0.2148,10.1016/j.fluid.2017.09.010,18503,unmatched
2-丙醇,C3H8O,CC(C)O,乙酸异丙酯,C5H10O2,,-1,-1,757.562,83.35,0.1985,0.3013,10.1016/j.fluid.2017.09.010,18504,unmatched
2-丙醇,C3H8O,CC(C)O,乙酸异丙酯,C5H10O2,,-1,-1,757.562,81.95,0.3141,0.4113,10.1016/j.fluid.2017.09.010,18505,unmatched
2-丙醇,C3H8O,CC(C)O,乙酸异丙酯,C5H10O2,,-1,-1,757.562,81.25,0.429,0.492,10.1016/j.fluid.2017.09.010,18506,unmatched
2-丙醇,C3H8O,CC(C)O,乙酸异丙酯,C5H10O2,,-1,-1,757.562,80.95,0.486,0.5438,10.1016/j.fluid.2017.09.010,18507,unmatched
2-丙醇,C3H8O,CC(C)O,乙酸异丙酯,C5H10O2,,-1,-1,757.562,80.75,0.5754,0.6104,10.1016/j.fluid.2017.09.010,18508,unmatched
2-丙醇,C3H8O,CC(C)O,乙酸异丙酯,C5H10O2,,-1,-1,757.562,80.65,0.6228,0.6366,10.1016/j.fluid.2017.09.010,18509,unmatched
2-丙醇,C3H8O,CC(C)O,乙酸异丙酯,C5H10O2,,-1,-1,757.562,80.45,0.666,0.6634,10.1016/j.fluid.2017.09.010,18510,unmatched
2-丙醇,C3H8O,CC(C)O,乙酸异丙酯,C5H10O2,,-1,-1,757.562,80.55,0.6861,0.6744,10.1016/j.fluid.2017.09.010,18511,unmatched
2-丙醇,C3H8O,CC(C)O,乙酸异丙酯,C5H10O2,,-1,-1,757.562,80.65,0.7563,0.7246,10.1016/j.fluid.2017.09.010,18512,unmatched
2-丙醇,C3H8O,CC(C)O,乙酸异丙酯,C5H10O2,,-1,-1,757.562,80.75,0.8096,0.7633,10.1016/j.fluid.2017.09.010,18513,unmatched
2-丙醇,C3H8O,CC(C)O,乙酸异丙酯,C5H10O2,,-1,-1,757.562,80.95,0.861,0.8103,10.1016/j.fluid.2017.09.010,18514,unmatched
2-丙醇,C3H8O,CC(C)O,乙酸异丙酯,C5H10O2,,-1,-1,757.562,81.65,0.9489,0.9173,10.1016/j.fluid.2017.09.010,18515,unmatched
2-丙醇,C3H8O,CC(C)O,乙酸异丙酯,C5H10O2,,-1,-1,757.562,82.25,1.0,1.0,10.1016/j.fluid.2017.09.010,18516,unmatched
三氟甲烷,CHF3,C(F)(F)F,正壬烷,C9H20,CCCCCCCCC,-1,-1,7875.648,-0.24,0.076,0.996,10.1016/j.fluid.2018.02.015,22697,unmatched
三氟甲烷,CHF3,C(F)(F)F,正壬烷,C9H20,CCCCCCCCC,-1,-1,9825.808,-0.21,0.113,0.998,10.1016/j.fluid.2018.02.015,22698,unmatched
三氟甲烷,CHF3,C(F)(F)F,正壬烷,C9H20,CCCCCCCCC,-1,-1,11550.95,-0.24,0.134,0.997,10.1016/j.fluid.2018.02.015,22699,unmatched
三氟甲烷,CHF3,C(F)(F)F,正壬烷,C9H20,CCCCCCCCC,-1,-1,13568.616,-0.25,0.165,0.9992,10.1016/j.fluid.2018.02.015,22700,unmatched
三氟甲烷,CHF3,C(F)(F)F,正壬烷,C9H20,CCCCCCCCC,-1,-1,14918.727,-0.23,0.186,0.9993,10.1016/j.fluid.2018.02.015,22701,unmatched
三氟甲烷,CHF3,C(F)(F)F,正壬烷,C9H20,CCCCCCCCC,-1,-1,16763.879,-0.22,0.218,0.999,10.1016/j.fluid.2018.02.015,22702,unmatched
三氟甲烷,CHF3,C(F)(F)F,正壬烷,C9H20,CCCCCCCCC,-1,-1,18586.528,-0.25,0.248,0.999,10.1016/j.fluid.2018.02.015,22703,unmatched
三氟甲烷,CHF3,C(F)(F)F,正壬烷,C9H20,CCCCCCCCC,-1,-1,8378.189,9.83,0.077,0.9897,10.1016/j.fluid.2018.02.015,22704,unmatched
三氟甲烷,CHF3,C(F)(F)F,正壬烷,C9H20,CCCCCCCCC,-1,-1,12473.526,9.84,0.128,0.9968,10.1016/j.fluid.2018.02.015,22705,unmatched
三氟甲烷,CHF3,C(F)(F)F,正壬烷,C9H20,CCCCCCCCC,-1,-1,14753.713,9.84,0.156,0.998,10.1016/j.fluid.2018.02.015,22706,unmatched
三氟甲烷,CHF3,C(F)(F)F,正壬烷,C9H20,CCCCCCCCC,-1,-1,17663.953,9.82,0.195,0.9981,10.1016/j.fluid.2018.02.015,22707,unmatched
三氟甲烷,CHF3,C(F)(F)F,正壬烷,C9H20,CCCCCCCCC,-1,-1,20371.675,9.82,0.231,0.9967,10.1016/j.fluid.2018.02.015,22708,unmatched
三氟甲烷,CHF3,C(F)(F)F,正壬烷,C9H20,CCCCCCCCC,-1,-1,23019.393,9.81,0.27,0.9993,10.1016/j.fluid.2018.02.015,22709,unmatched
三氟甲烷,CHF3,C(F)(F)F,正壬烷,C9H20,CCCCCCCCC,-1,-1,23911.966,9.83,0.283,0.9986,10.1016/j.fluid.2018.02.015,22710,unmatched
三氟甲烷,CHF3,C(F)(F)F,正壬烷,C9H20,CCCCCCCCC,-1,-1,8918.233,19.91,0.078,0.9939,10.1016/j.fluid.2018.02.015,22711,unmatched
三氟甲烷,CHF3,C(F)(F)F,正壬烷,C9H20,CCCCCCCCC,-1,-1,13336.097,19.92,0.125,0.9975,10.1016/j.fluid.2018.02.015,22712,unmatched
三氟甲烷,CHF3,C(F)(F)F,正壬烷,C9H20,CCCCCCCCC,-1,-1,15856.304,19.91,0.15,0.9979,10.1016/j.fluid.2018.02.015,22713,unmatched
三氟甲烷,CHF3,C(F)(F)F,正壬烷,C9H20,CCCCCCCCC,-1,-1,18879.053,19.91,0.182,0.9979,10.1016/j.fluid.2018.02.015,22714,unmatched
三氟甲烷,CHF3,C(F)(F)F,正壬烷,C9H20,CCCCCCCCC,-1,-1,21969.307,19.9,0.217,0.9985,10.1016/j.fluid.2018.02.015,22715,unmatched
三氟甲烷,CHF3,C(F)(F)F,正壬烷,C9H20,CCCCCCCCC,-1,-1,25134.567,19.89,0.258,0.9984,10.1016/j.fluid.2018.02.015,22716,unmatched
三氟甲烷,CHF3,C(F)(F)F,正壬烷,C9H20,CCCCCCCCC,-1,-1,27557.266,19.9,0.285,0.9993,10.1016/j.fluid.2018.02.015,22717,unmatched
三氟甲烷,CHF3,C(F)(F)F,正壬烷,C9H20,CCCCCCCCC,-1,-1,30114.977,19.9,0.321,0.9988,10.1016/j.fluid.2018.02.015,22718,unmatched
三氟甲烷,CHF3,C(F)(F)F,正壬烷,C9H20,CCCCCCCCC,-1,-1,30234.986,19.92,0.318,0.999,10.1016/j.fluid.2018.02.015,22719,unmatched
三氟甲烷,CHF3,C(F)(F)F,正壬烷,C9H20,CCCCCCCCC,-1,-1,9428.275,29.98,0.074,0.9942,10.1016/j.fluid.2018.02.015,22720,unmatched
三氟甲烷,CHF3,C(F)(F)F,正壬烷,C9H20,CCCCCCCCC,-1,-1,14131.162,30.0,0.118,0.9972,10.1016/j.fluid.2018.02.015,22721,unmatched
三氟甲烷,CHF3,C(F)(F)F,正壬烷,C9H20,CCCCCCCCC,-1,-1,16838.885,29.99,0.145,0.9979,10.1016/j.fluid.2018.02.015,22722,unmatched
三氟甲烷,CHF3,C(F)(F)F,正壬烷,C9H20,CCCCCCCCC,-1,-1,20056.649,29.99,0.176,0.9977,10.1016/j.fluid.2018.02.015,22723,unmatched
三氟甲烷,CHF3,C(F)(F)F,正壬烷,C9H20,CCCCCCCCC,-1,-1,23439.428,29.98,0.209,0.9984,10.1016/j.fluid.2018.02.015,22724,unmatched
三氟甲烷,CHF3,C(F)(F)F,正壬烷,C9H20,CCCCCCCCC,-1,-1,27024.722,29.96,0.243,0.998,10.1016/j.fluid.2018.02.015,22725,unmatched
三氟甲烷,CHF3,C(F)(F)F,正壬烷,C9H20,CCCCCCCCC,-1,-1,29919.96,29.98,0.272,0.9988,10.1016/j.fluid.2018.02.015,22726,unmatched
三氟甲烷,CHF3,C(F)(F)F,正壬烷,C9H20,CCCCCCCCC,-1,-1,34180.311,29.99,0.316,0.9976,10.1016/j.fluid.2018.02.015,22727,unmatched
三氟甲烷,CHF3,C(F)(F)F,正壬烷,C9H20,CCCCCCCCC,-1,-1,37038.046,29.99,0.344,0.9987,10.1016/j.fluid.2018.02.015,22728,unmatched
三氟甲烷,CHF3,C(F)(F)F,正壬烷,C9H20,CCCCCCCCC,-1,-1,37945.62,29.99,0.352,0.9982,10.1016/j.fluid.2018.02.015,22729,unmatched
三氟甲烷,CHF3,C(F)(F)F,正壬烷,C9H20,CCCCCCCCC,-1,-1,7718.135,40.08,0.05,0.9957,10.1016/j.fluid.2018.02.015,22730,unmatched
三氟甲烷,CHF3,C(F)(F)F,正壬烷,C9H20,CCCCCCCCC,-1,-1,16096.324,40.08,0.121,0.9946,10.1016/j.fluid.2018.02.015,22731,unmatched
三氟甲烷,CHF3,C(F)(F)F,正壬烷,C9H20,CCCCCCCCC,-1,-1,21114.236,40.08,0.168,0.9963,10.1016/j.fluid.2018.02.015,22732,unmatched
三氟甲烷,CHF3,C(F)(F)F,正壬烷,C9H20,CCCCCCCCC,-1,-1,24789.539,40.06,0.202,0.9982,10.1016/j.fluid.2018.02.015,22733,unmatched
三氟甲烷,CHF3,C(F)(F)F,正壬烷,C9H20,CCCCCCCCC,-1,-1,28734.863,40.05,0.238,0.9973,10.1016/j.fluid.2018.02.015,22734,unmatched
三氟甲烷,CHF3,C(F)(F)F,正壬烷,C9H20,CCCCCCCCC,-1,-1,31742.61,40.07,0.262,0.9973,10.1016/j.fluid.2018.02.015,22735,unmatched
三氟甲烷,CHF3,C(F)(F)F,正壬烷,C9H20,CCCCCCCCC,-1,-1,36160.474,40.09,0.303,0.9978,10.1016/j.fluid.2018.02.015,22736,unmatched
三氟甲烷,CHF3,C(F)(F)F,正壬烷,C9H20,CCCCCCCCC,-1,-1,40578.337,40.09,0.34,0.9976,10.1016/j.fluid.2018.02.015,22737,unmatched
三氟甲烷,CHF3,C(F)(F)F,正壬烷,C9H20,CCCCCCCCC,-1,-1,45003.701,40.09,0.366,0.9954,10.1016/j.fluid.2018.02.015,22738,unmatched
三氟甲烷,CHF3,C(F)(F)F,正壬烷,C9H20,CCCCCCCCC,-1,-1,46856.353,40.08,0.373,0.9918,10.1016/j.fluid.2018.02.015,22739,unmatched
三氟甲烷,CHF3,C(F)(F)F,正壬烷,C9H20,CCCCCCCCC,-1,-1,47231.384,40.09,0.37,0.9901,10.1016/j.fluid.2018.02.015,22740,unmatched
三氟甲烷,CHF3,C(F)(F)F,正壬烷,C9H20,CCCCCCCCC,-1,-1,18586.528,-0.25,0.989,0.999,10.1016/j.fluid.2018.02.015,22741,unmatched
三氟甲烷,CHF3,C(F)(F)F,正壬烷,C9H20,CCCCCCCCC,-1,-1,18946.558,-0.24,0.9942,0.9999,10.1016/j.fluid.2018.02.015,22742,unmatched
三氟甲烷,CHF3,C(F)(F)F,正壬烷,C9H20,CCCCCCCCC,-1,-1,18954.059,-0.24,0.9944,0.9999,10.1016/j.fluid.2018.02.015,22743,unmatched
三氟甲烷,CHF3,C(F)(F)F,正壬烷,C9H20,CCCCCCCCC,-1,-1,23911.966,9.83,0.973,0.9986,10.1016/j.fluid.2018.02.015,22744,unmatched
三氟甲烷,CHF3,C(F)(F)F,正壬烷,C9H20,CCCCCCCCC,-1,-1,24309.499,9.85,0.9932,0.9997,10.1016/j.fluid.2018.02.015,22745,unmatched
三氟甲烷,CHF3,C(F)(F)F,正壬烷,C9H20,CCCCCCCCC,-1,-1,24527.017,9.85,0.9964,0.9995,10.1016/j.fluid.2018.02.015,22746,unmatched
三氟甲烷,CHF3,C(F)(F)F,正壬烷,C9H20,CCCCCCCCC,-1,-1,30234.986,19.92,0.98,0.999,10.1016/j.fluid.2018.02.015,22747,unmatched
三氟甲烷,CHF3,C(F)(F)F,正壬烷,C9H20,CCCCCCCCC,-1,-1,30692.524,19.93,0.989,0.9994,10.1016/j.fluid.2018.02.015,22748,unmatched
三氟甲烷,CHF3,C(F)(F)F,正壬烷,C9H20,CCCCCCCCC,-1,-1,38230.644,30.02,0.9909,0.9947,10.1016/j.fluid.2018.02.015,22749,unmatched
三氟甲烷,CHF3,C(F)(F)F,正壬烷,C9H20,CCCCCCCCC,-1,-1,37945.62,29.99,0.988,0.9982,10.1016/j.fluid.2018.02.015,22750,unmatched
六氟乙烷,C2F6,C(C(F)(F)F)(F)(F)F,正癸烷,C10H22,CCCCCCCCCC,0,0,22374.34,19.98,0.983,0.989,10.1016/j.fluid.2018.02.015,22751,unmatched
