old,new,sha256_before
scripts/paper/README.md,scripts/benchmarks/README.md,166b9262eaf44adfb9c6f63d58da7aa00cfeb71d1bc2ae93e8da0adee6aa7bde
scripts/paper/registry.py,scripts/benchmarks/registry.py,7733614cf9742ff52882017473bb63f289e3d7ca41eb7e2c30a6ad3d2268ae02
scripts/paper/run.py,scripts/run_experiments.py,e799314d183db73a14b6966bf583ca0a44b6fac0f14d2140e62bc1888470f7ca
scripts/paper/_dispatch.py,scripts/benchmarks/_dispatch.py,c95f063802bdab5fd99c6a67bdc6f332f1d69c40875d947942303101275daaf0
scripts/paper/__init__.py,scripts/benchmarks/__init__.py,fc04057cfb73d7f47c6a59a45d5debcb27a2dc16dd68552dfc348684eebaa373
scripts/paper/data/run_construction.py,scripts/benchmarks/data/run_construction.py,70930ecdec276e273cfa31a70a57407a009a5e11dc128786467386eb8addc08b
scripts/paper/lle/run_generalization.py,scripts/benchmarks/lle/run_generalization.py,ebfa2185bf1ac6d16c4251926690ca8689d3786f2d0c0dbaf9ee0664f1e5a3df
scripts/paper/lle/run_prediction.py,scripts/benchmarks/lle/run_prediction.py,2664d8ff1b5fa786ae93e9010eeb45e08cee987985232a4a6cb899507196a688
scripts/paper/lle/run_thermodynamics.py,scripts/benchmarks/lle/run_thermodynamics.py,134a16edee988fdc059de416b2a4e10679dbfaf6f33c0b6ee47d2f3496aa2576
scripts/paper/separation_design/run_autonomous.py,scripts/benchmarks/separation_design/run_autonomous.py,2cbcf15db573911eb15cee91e5cce840f810fca05ed22b33b2ab0e38194c3db4
scripts/paper/vle/run_ablation.py,scripts/benchmarks/vle/run_ablation.py,ed9b51e2bafb25e2082d06ebe06cbfeb6bbc0c8b30f2c834fb51b8d6e5671810
scripts/paper/vle/run_comparison.py,scripts/benchmarks/vle/run_comparison.py,0f145005d2d5d936453b79a73b02fc9b2471bb7e32b5f015eb479d137fb09c63
scripts/paper/vle/run_generalization.py,scripts/benchmarks/vle/run_generalization.py,21776ad1ac8b67ec7578c89e1ddfbc4d4ad7fff1abc0d060af688cc6535b61c2
scripts/paper/vle/run_interpretability.py,scripts/benchmarks/vle/run_interpretability.py,b1e1c3f80dc7b809ac656ccc3680aa859d44ab312e3f526db4cfb959bf55e181
scripts/paper/vle/run_prediction.py,scripts/benchmarks/vle/run_prediction.py,969910fc1e966821c08346a1fabab74dfc8a069fc8266f1b789210e43d244890
experiments/paper/catalog.json,configs/benchmarks/catalog.json,68c71c91e29784f0d0c3468dfe670cf854b8a7cba5d25661407828ef3f078e16
experiments/paper/manuscript.json,docs/reproducibility/design_reference.json,93d6df30cd3dd1754fd11d93202256e5fa652082de386347171ec9e658ea94e3
experiments/paper/README.md,configs/benchmarks/README.md,184722f92e1d921bbeff1b29d3862ab40b96f84609444567d8590d5f8bcec360
experiments/paper/data/README.md,configs/benchmarks/data/README.md,269d9d65985eaf6ffb98d579035b6b1d6337ba3159b9cccc50e6250b77fd3ccd
experiments/paper/data/construction/audit.json,configs/benchmarks/data/construction/audit.json,f003b86b53f5c83a3b7fa0dc129beb0753d1b9c51a579382b212a4d17edbc386
experiments/paper/data/construction/legacy_distribution.json,configs/benchmarks/data/construction/legacy_distribution.json,ef0eddbf85b4a1a9611717c6db354fb147883dbfa3186349ccd3c7df540d6163
experiments/paper/lle/README.md,configs/benchmarks/lle/README.md,0cda658a2e0468744b46bbe699ad50b16cd8e0f5328b79329f7091366dcfabf7
experiments/paper/lle/generalization/binary_pressure_high.json,configs/benchmarks/lle/generalization/binary_pressure_high.json,30dfb1cf0924c060efec65b06a1d441712b81cbd087772bc832f86f943ea2233
experiments/paper/lle/generalization/binary_pressure_low.json,configs/benchmarks/lle/generalization/binary_pressure_low.json,8af84fc9ac56dc204d18ca3ff90ac0d6687ebc6aec13841d69dcaf17d0682599
experiments/paper/lle/generalization/binary_temperature_high.json,configs/benchmarks/lle/generalization/binary_temperature_high.json,c729fc1dd474bb47f0c67aa72bc67357b7bb7e9db91f635685526a52d086134a
experiments/paper/lle/generalization/binary_temperature_low.json,configs/benchmarks/lle/generalization/binary_temperature_low.json,257d444158e0a4568711b3c2962b98e2d49d918f7e553154f1d2db0126357fe9
experiments/paper/lle/generalization/binary_unseen_component.json,configs/benchmarks/lle/generalization/binary_unseen_component.json,58565bfd783467b5ea214e2d1e37c84eec74c44abd45bebf9512d3a022e601a4
experiments/paper/lle/prediction/binary_random.json,configs/benchmarks/lle/prediction/binary_random.json,4c903c537a3aa1cba5ff400f8715cbbae5ef5e3854e99c26d99c4a957a9c4da5
experiments/paper/lle/prediction/binary_system.json,configs/benchmarks/lle/prediction/binary_system.json,1f257cdae4035555fcbb5d990e638a476eb81a83ea2f688ed4054afe32fe9637
experiments/paper/lle/prediction/mixed_random.json,configs/benchmarks/lle/prediction/mixed_random.json,c6e8f554ada16582961ac2880307b2005d9db8c614d2faf8d5233ca99860d12d
experiments/paper/lle/prediction/mixed_system.json,configs/benchmarks/lle/prediction/mixed_system.json,a26c2e1db0d597fc3f6461f33ff9792a1b472d0c1286e39e635b929a2459b59a
experiments/paper/lle/prediction/ternary_random.json,configs/benchmarks/lle/prediction/ternary_random.json,2561324d72c07a012d6c5ce3540c257b71acca7577e93c245bac7315b838a3dc
experiments/paper/lle/prediction/ternary_system.json,configs/benchmarks/lle/prediction/ternary_system.json,355d4eeb34223f353e481bebc8bf188d3f6d7f17edf1f1b89a37e97c01e2a4f7
experiments/paper/lle/thermodynamics/stability.json,configs/benchmarks/lle/thermodynamics/stability.json,064506fbae03e1803386d4978b6c62cfe329a4bb8ef8f94a4a77f85978e38d7d
experiments/paper/separation_design/README.md,configs/benchmarks/separation_design/README.md,fc3a76171838d84eee93c1a373873adba284ccd37b385dd002c963a52c2511a2
experiments/paper/separation_design/autonomous/reserved.json,configs/benchmarks/separation_design/autonomous/reserved.json,360c8c7cdfb5c4e4dc2600638b4884855a547220150669f5c2dcb1d73b8c3312
experiments/paper/vle/README.md,configs/benchmarks/vle/README.md,798e55338f7dbfd5b1bb331a19ec533380adbb1c2a81ce27fe87fe934eca4f90
experiments/paper/vle/ablation/fugacity_legacy.json,configs/benchmarks/vle/ablation/fugacity_legacy.json,8ae849cdb932f9d7e6b5cfc78592c4171c13f57cfb78c6d2ae282505366614fc
experiments/paper/vle/ablation/interaction_architecture.json,configs/benchmarks/vle/ablation/interaction_architecture.json,1e72d4d2c3442e0570271acebcfafb0a9f9f936dd753cb3d9de8367a7b5cb06e
experiments/paper/vle/ablation/molecular_representation.json,configs/benchmarks/vle/ablation/molecular_representation.json,ddb136e594a2a64495dfb4fd682be74446a4cbd71ee60bef24084a1506dbdbe3
experiments/paper/vle/ablation/staged_validation.json,configs/benchmarks/vle/ablation/staged_validation.json,4d62539e805f629df118577f64eb98d1b7dc29cc036a649d7a7894bc86ea2bed
experiments/paper/vle/comparison/classical_binary.json,configs/benchmarks/vle/comparison/classical_binary.json,abcb7c633ebd27111154cc7afe40b613f4bf330aabf8db3f92bca13eb1572226
experiments/paper/vle/comparison/classical_ternary.json,configs/benchmarks/vle/comparison/classical_ternary.json,89dbda2a1b321a706981ab63cf1ed909d9138b70178eb26e7b5e99204a75bbf4
experiments/paper/vle/comparison/joint_activity.json,configs/benchmarks/vle/comparison/joint_activity.json,1c6d91d0dc3f5cb3d3962d00dffbb5d15794540b1b1512f2b5a939dbe0f0fc79
experiments/paper/vle/comparison/machine_learning.json,configs/benchmarks/vle/comparison/machine_learning.json,39dec30e1ae3d1aa65ef8175a9e6cc7672cacdb11cb210057a4009da237a6e6d
experiments/paper/vle/comparison/ternary_activity.json,configs/benchmarks/vle/comparison/ternary_activity.json,6f086bcfeb04fbf29066d728cd2c49acc552f97db6cba8c381562c70bd42fbc3
experiments/paper/vle/generalization/composition_edge.json,configs/benchmarks/vle/generalization/composition_edge.json,08caf49c4893b8ff9d26e11cd8c6c7bda4c43e8b81a173d862e7787045882449
experiments/paper/vle/generalization/composition_interpolation.json,configs/benchmarks/vle/generalization/composition_interpolation.json,61f3a2576b528acf6ad509f21865b9466260cadf11d5a39792ef2b7d23423c1e
experiments/paper/vle/generalization/pressure_high.json,configs/benchmarks/vle/generalization/pressure_high.json,36de7f3052fa0edf8c37e4bbe55cf67b3c9c70157f3cf26aa7f649f050bc047d
experiments/paper/vle/generalization/pressure_low.json,configs/benchmarks/vle/generalization/pressure_low.json,5aabdf2bf269a229eda81cff72129e3f8d2e7283f6ab7fe5b355977c0e75b764
experiments/paper/vle/generalization/temperature_high.json,configs/benchmarks/vle/generalization/temperature_high.json,ef223914c8108db0a71eddaeff202691271be5003334d84e8ba9034272b5077e
experiments/paper/vle/generalization/temperature_low.json,configs/benchmarks/vle/generalization/temperature_low.json,b902a68a560f0326fc2149843bdb2ccfa14f1cad67799dd6318640aa2b698afb
experiments/paper/vle/generalization/unseen_component.json,configs/benchmarks/vle/generalization/unseen_component.json,f5a38574c9888998e04e3a057635e8de427c184a8cd09a6b592ec2992c333f6f
experiments/paper/vle/interpretability/context_exploratory.json,configs/benchmarks/vle/interpretability/context_exploratory.json,a78ee7e27f6540bf5a97c27b9bababe9f4fdb7098424c9f774d03172d1cb21b8
experiments/paper/vle/interpretability/manuscript.json,configs/benchmarks/vle/interpretability/molecular_interactions.json,024e0a2590398c18687c5e59cd16a40ff951b53f419ee63272debda4decd3581
experiments/paper/vle/prediction/binary.json,configs/benchmarks/vle/prediction/binary.json,8c94b7712ddf4662eb26bcf176429a689b87f2a6fd974737e43b919090053cde
experiments/paper/vle/prediction/mixed.json,configs/benchmarks/vle/prediction/mixed.json,bcad3aee748e51141ea9da193dce914336c0e04ba9821de8488a4d3c419a73a2
experiments/paper/vle/prediction/ternary.json,configs/benchmarks/vle/prediction/ternary.json,b34ee6c39df62f3289987c457b33d0d0e7279c064d7c50416fba8937d6a49b20
results/paper/README.md,results/benchmarks/README.md,697b687ea45f2a48a7bac3f0b7c5b0dfd8289563c161b7b9016bab73e0e0c37c
results/paper/data/construction/audit/README.md,results/benchmarks/data/construction/audit/README.md,c1e4a93c4b161f628deeacdc8b77c69b304e592237922e1a195e1cfbb86784ba
results/paper/data/construction/audit/sources.json,results/benchmarks/data/construction/audit/sources.json,3d950d2287650c00073fb44966c3c6876007751e154cc81f07a32d4e89f5210c
results/paper/data/construction/legacy_distribution/README.md,results/benchmarks/data/construction/legacy_distribution/README.md,d2c8ab74c033a68f24891533060a5f38744009605f394f6a5bea19dad465b672
results/paper/data/construction/legacy_distribution/sources.json,results/benchmarks/data/construction/legacy_distribution/sources.json,ea598d23ef2958b6d2366c0616aef9c16755d093dc5ade6b75506915be9ae4de
results/paper/lle/generalization/binary_pressure_high/historical_v1_metrics.csv,results/benchmarks/lle/generalization/binary_pressure_high/historical_v1_metrics.csv,6a40a26a9b38221d399df36b2b3d4545c1c3d1699dad05e813aace9ac909f39a
results/paper/lle/generalization/binary_pressure_high/historical_v1_metrics.md,results/benchmarks/lle/generalization/binary_pressure_high/historical_v1_metrics.md,ff6d34ee739063d4b15d26b8081b9a4f157a483bd1391018e022dd532a2b43eb
results/paper/lle/generalization/binary_pressure_high/README.md,results/benchmarks/lle/generalization/binary_pressure_high/README.md,f115ec9f766c6e80cb732de45e0da40d34b17c76fc1ac205ac0e310a2dec8e96
results/paper/lle/generalization/binary_pressure_high/sources.json,results/benchmarks/lle/generalization/binary_pressure_high/sources.json,5476afd82374ddd44ec1f5d1780b779ea7306f729c7f5d236bd1339255536967
results/paper/lle/generalization/binary_pressure_low/historical_v1_metrics.csv,results/benchmarks/lle/generalization/binary_pressure_low/historical_v1_metrics.csv,e7a66816b4d8974db15ec2c7b578998e71cd958838dfd7ebd847702a33a04bc2
results/paper/lle/generalization/binary_pressure_low/historical_v1_metrics.md,results/benchmarks/lle/generalization/binary_pressure_low/historical_v1_metrics.md,d4456a966e9cf09828975766a645d991e79760f0fa2ad32252aaa91a6bd49ef8
results/paper/lle/generalization/binary_pressure_low/README.md,results/benchmarks/lle/generalization/binary_pressure_low/README.md,f0679cdac9d2adbedc9b907c5a6941ad0708ba109406a7290ce59b7ffd0763a5
results/paper/lle/generalization/binary_pressure_low/sources.json,results/benchmarks/lle/generalization/binary_pressure_low/sources.json,38e4ac71deef34cefa7067ced69c9c156633a2da46cafc0f5be5c1cb56beafd7
results/paper/lle/generalization/binary_temperature_high/historical_v1_metrics.csv,results/benchmarks/lle/generalization/binary_temperature_high/historical_v1_metrics.csv,0dd60bb7c2d399a6015e71da0fd71fa7e043203b70be2b036174ca99d5cdfe4a
results/paper/lle/generalization/binary_temperature_high/historical_v1_metrics.md,results/benchmarks/lle/generalization/binary_temperature_high/historical_v1_metrics.md,6d488f551a39774187152415787d0f545e795a9e42d3c6e25b11721708d079b9
results/paper/lle/generalization/binary_temperature_high/README.md,results/benchmarks/lle/generalization/binary_temperature_high/README.md,01ab53dbf7cad1ad6c80e43fbc0f18aabd6854b5be86aeead43dbdda74087318
results/paper/lle/generalization/binary_temperature_high/sources.json,results/benchmarks/lle/generalization/binary_temperature_high/sources.json,49a78a2cf95b0392c8f22042e56e2a8aa17556327e2beebec5241d8dcb2204ef
results/paper/lle/generalization/binary_temperature_low/historical_v1_metrics.csv,results/benchmarks/lle/generalization/binary_temperature_low/historical_v1_metrics.csv,6ab8b8a55176946b094a2f2f69812e26565202a2eed902d1b6ee46876bd14aa5
results/paper/lle/generalization/binary_temperature_low/historical_v1_metrics.md,results/benchmarks/lle/generalization/binary_temperature_low/historical_v1_metrics.md,d99e81b4f975b46ae099098d7ce6fc980ba5d652b43033c70fc25ee6cb8f0904
results/paper/lle/generalization/binary_temperature_low/README.md,results/benchmarks/lle/generalization/binary_temperature_low/README.md,6135521be8e62665e92dd83284ecd5d26165ce7e6d95c399305d6aac2ca2c809
results/paper/lle/generalization/binary_temperature_low/sources.json,results/benchmarks/lle/generalization/binary_temperature_low/sources.json,7f22cdb391ebd4ee5020c83f3825a65cc1e962f06b5e885c0b7389ec32182ab0
results/paper/lle/generalization/binary_unseen_component/historical_v1_metrics.csv,results/benchmarks/lle/generalization/binary_unseen_component/historical_v1_metrics.csv,dee549750ea4772aa3c7ffa0c4dcbb9d6b4ebd2d7a52c21587a485f71083d603
results/paper/lle/generalization/binary_unseen_component/historical_v1_metrics.md,results/benchmarks/lle/generalization/binary_unseen_component/historical_v1_metrics.md,768614e262b4d917a029e52324230361039b2c2d708d8c059e71d2bf14b1ee76
results/paper/lle/generalization/binary_unseen_component/README.md,results/benchmarks/lle/generalization/binary_unseen_component/README.md,13d7d265a858ed4d54d5f81744aec4022ac921744961693157d2432d7f773576
results/paper/lle/generalization/binary_unseen_component/sources.json,results/benchmarks/lle/generalization/binary_unseen_component/sources.json,322916bbd7babaefd5eefe88d5fb0cef915206e0d912342eb11bbb842e961461
results/paper/lle/prediction/binary_random/historical_v1_metrics.csv,results/benchmarks/lle/prediction/binary_random/historical_v1_metrics.csv,c8c56fbf59ef1b55d96697179bf694ff2c525a35f547e4ed705d33f1bee2d092
results/paper/lle/prediction/binary_random/historical_v1_metrics.md,results/benchmarks/lle/prediction/binary_random/historical_v1_metrics.md,8d6a301c0afab5d8d5c814f313b2f75de2f924fe00c7b33f80f112b18c2bf4eb
results/paper/lle/prediction/binary_random/README.md,results/benchmarks/lle/prediction/binary_random/README.md,6f73b3b690724dce74d66859af34289a5c56a6bdf50c9f65356d18014cb6809c
results/paper/lle/prediction/binary_random/sources.json,results/benchmarks/lle/prediction/binary_random/sources.json,8f9f2b24d89b8c987bd1578b1158e706d60adf9b939f8845a2df27130553ad91
results/paper/lle/prediction/binary_system/historical_v1_metrics.csv,results/benchmarks/lle/prediction/binary_system/historical_v1_metrics.csv,ca1435eaa906dcce056654bab904a101a2353ca5f0564b5c22e4f9820548cc01
results/paper/lle/prediction/binary_system/historical_v1_metrics.md,results/benchmarks/lle/prediction/binary_system/historical_v1_metrics.md,b350e099e3ef4e48e0a88f0eb0aed212605ee8095b693debf6eb5a037e08de0e
results/paper/lle/prediction/binary_system/README.md,results/benchmarks/lle/prediction/binary_system/README.md,a0a838cf3bb42e43a48bb30b78ba93d4bbe9e976da331a9c213414478bb51628
results/paper/lle/prediction/binary_system/sources.json,results/benchmarks/lle/prediction/binary_system/sources.json,2b3c4583a6387e5ea3802963f0a695dfc96ff7644fe47bca8ccd0934f336ed9d
results/paper/lle/prediction/mixed_random/historical_v1_metrics.csv,results/benchmarks/lle/prediction/mixed_random/historical_v1_metrics.csv,8ddb80365ebb6378e71447facaef38c4735f96c91286bf829c6f31dbbc096539
results/paper/lle/prediction/mixed_random/historical_v1_metrics.md,results/benchmarks/lle/prediction/mixed_random/historical_v1_metrics.md,a287a0bd77ffddbe572cdbcf65a22f75ec4d99847fbe9427a130aee49b0bccd0
results/paper/lle/prediction/mixed_random/README.md,results/benchmarks/lle/prediction/mixed_random/README.md,6807a906f733e2b9fc7a61786f56682b9cfd9eb5e93c865cc7d28e8c0040f638
results/paper/lle/prediction/mixed_random/sources.json,results/benchmarks/lle/prediction/mixed_random/sources.json,92dcfb977ca6da4d4615691db79500183a2063860507ec5e52bc58ea604a32eb
results/paper/lle/prediction/mixed_system/historical_v1_metrics.csv,results/benchmarks/lle/prediction/mixed_system/historical_v1_metrics.csv,420f38fb128572b3cdf1083daa01a9804fb9dbdcbcc0769f3124febdafaf8ae4
results/paper/lle/prediction/mixed_system/historical_v1_metrics.md,results/benchmarks/lle/prediction/mixed_system/historical_v1_metrics.md,c8933596ebf52d65dc3303d11fd557de51fc76b71f2190eb12d3fd9ec02bb268
results/paper/lle/prediction/mixed_system/README.md,results/benchmarks/lle/prediction/mixed_system/README.md,9e28b9666b00524738635caf2d0177f9833648d5b7b38ee8bc7af24674e0b480
results/paper/lle/prediction/mixed_system/sources.json,results/benchmarks/lle/prediction/mixed_system/sources.json,69382250070b6218f18b6f3e198cc1b9ecefe445945c51d2d2cb8b2a0391e929
results/paper/lle/prediction/ternary_random/historical_v1_metrics.csv,results/benchmarks/lle/prediction/ternary_random/historical_v1_metrics.csv,14e15230e08c6f297361b4f1dd193a3a5303fdb8aa00180eed4567aada42d865
results/paper/lle/prediction/ternary_random/historical_v1_metrics.md,results/benchmarks/lle/prediction/ternary_random/historical_v1_metrics.md,5fb9ae2088dd9250776844a14bc96f0427bdfe2a0d78c7523af992974a7c1589
results/paper/lle/prediction/ternary_random/README.md,results/benchmarks/lle/prediction/ternary_random/README.md,ab1bf608d7b659230e69a35216592d0e9b9e983c5dafa58137a8ad09ec9096d2
results/paper/lle/prediction/ternary_random/sources.json,results/benchmarks/lle/prediction/ternary_random/sources.json,87ccfdc4926ef50c2a1e9bc2570e6350aa5a797861e1f47be00b6d2b92b351d7
results/paper/lle/prediction/ternary_system/historical_v1_metrics.csv,results/benchmarks/lle/prediction/ternary_system/historical_v1_metrics.csv,f264abef18cc28bc3a826ee496a81bb266270829dfff8386e50f653898584e26
results/paper/lle/prediction/ternary_system/historical_v1_metrics.md,results/benchmarks/lle/prediction/ternary_system/historical_v1_metrics.md,a8b9bc3789decf292c61729e7e6452fc098181376cb4ea2c5b3b39121a97c8fd
results/paper/lle/prediction/ternary_system/README.md,results/benchmarks/lle/prediction/ternary_system/README.md,a85fc667e11ea8960c0056399a7816cd0cd8eb5fdbc8615f60090fa51394a834
results/paper/lle/prediction/ternary_system/sources.json,results/benchmarks/lle/prediction/ternary_system/sources.json,aa88e2a3a17a7dbeee32053137faeee20563a1b29d91341f90163283bd946830
results/paper/lle/thermodynamics/stability/historical_v1_metrics.csv,results/benchmarks/lle/thermodynamics/stability/historical_v1_metrics.csv,21074e83406b8c3bac825d234fb973496536dbdce4130dda75ec6bcb8d070c61
results/paper/lle/thermodynamics/stability/historical_v1_metrics.md,results/benchmarks/lle/thermodynamics/stability/historical_v1_metrics.md,d3fc892a5f9fb70c92220711b2098b1ed09127b2cd9610f9c24613311d207414
results/paper/lle/thermodynamics/stability/README.md,results/benchmarks/lle/thermodynamics/stability/README.md,6671da72a92dc2fb1f579cc51ec2ae71bc057363601d950e0df7e4c72e7d1ec0
results/paper/lle/thermodynamics/stability/sources.json,results/benchmarks/lle/thermodynamics/stability/sources.json,294d65f201a5b12293db69a9d771191933d5ae70d781a559bf55b61784fb898d
results/paper/separation_design/autonomous/reserved/README.md,results/benchmarks/separation_design/autonomous/reserved/README.md,b197d7426b976f380d45b525a4f72d88527f957ef7f5c4b732cd79372eb6a32a
results/paper/separation_design/autonomous/reserved/sources.json,results/benchmarks/separation_design/autonomous/reserved/sources.json,068e600c9987634256224dc12edf96d78e5ff6783c4d2431efb2a3ec636a5cb7
results/paper/vle/ablation/fugacity_legacy/README.md,results/benchmarks/vle/ablation/fugacity_legacy/README.md,c27fa51c50622435e8128ba042f3e89d31eb68051d046448e6345dd4f04662cd
results/paper/vle/ablation/fugacity_legacy/sources.json,results/benchmarks/vle/ablation/fugacity_legacy/sources.json,72544b235d50412ecf34c825048f125597b2739c232d1610e49a32bd305010dc
results/paper/vle/ablation/interaction_architecture/README.md,results/benchmarks/vle/ablation/interaction_architecture/README.md,d2d825c304071230d16575e5cf338e302236ac268bf57ccf7a341e4a23ac3562
results/paper/vle/ablation/interaction_architecture/sources.json,results/benchmarks/vle/ablation/interaction_architecture/sources.json,b5e7e510c1ffe451202c9181760637ba51e81dc5999ce531d392c554edd58103
results/paper/vle/ablation/molecular_representation/README.md,results/benchmarks/vle/ablation/molecular_representation/README.md,4fe551b40ac5908d5556f3d2c3362e010dad3e9247e563cecf3a7197f7e13d63
results/paper/vle/ablation/molecular_representation/sources.json,results/benchmarks/vle/ablation/molecular_representation/sources.json,fc649102e2a6045e3ba7f0b9439acfcaac0913c8f29a7515518baa672b80ceb4
results/paper/vle/ablation/staged_validation/README.md,results/benchmarks/vle/ablation/staged_validation/README.md,9123df643c78bda4a1c6f4601181bc75d199a7348c8317167783f39169b1be06
results/paper/vle/ablation/staged_validation/sources.json,results/benchmarks/vle/ablation/staged_validation/sources.json,2b1c4eddc4ecfbd75eb07b085c993b2c213dbd3b917760db130251af7807a759
results/paper/vle/comparison/classical_binary/README.md,results/benchmarks/vle/comparison/classical_binary/README.md,d04d0d35b29163699d565698a74decca7b9b424acfecc1b948b6414e302d8ccd
results/paper/vle/comparison/classical_binary/sources.json,results/benchmarks/vle/comparison/classical_binary/sources.json,8e13847c586fbae8f493f831c34049cba59c2f7716fa2b356bcc0302012d87c6
results/paper/vle/comparison/classical_ternary/README.md,results/benchmarks/vle/comparison/classical_ternary/README.md,bea294a6729eec6b10ab547fab9c0a822e034fcc4b91d3ee2eb221e0f7c55300
results/paper/vle/comparison/classical_ternary/sources.json,results/benchmarks/vle/comparison/classical_ternary/sources.json,5a4bab2a3bc78baa7d260ececc211dbd29dea66da614cf104ef5c9228a0827b8
results/paper/vle/comparison/joint_activity/README.md,results/benchmarks/vle/comparison/joint_activity/README.md,201f6213e3ebb291f36e39f7edad0a127d76d617653204bd20c22ea62d11543e
results/paper/vle/comparison/joint_activity/sources.json,results/benchmarks/vle/comparison/joint_activity/sources.json,3bacda16868245887e0641ed9784926dc6a10e1c63d2ebdabf6e75fbc1a77d8b
results/paper/vle/comparison/machine_learning/README.md,results/benchmarks/vle/comparison/machine_learning/README.md,bee56474d81c949d0781a342ffbfc024ff4b123dd0cb4010c8960521b2fe9ab1
results/paper/vle/comparison/machine_learning/sources.json,results/benchmarks/vle/comparison/machine_learning/sources.json,f1c2d19e87e60409b33adffe028724432869b2e599c5943af5bc7ce515704749
results/paper/vle/comparison/ternary_activity/README.md,results/benchmarks/vle/comparison/ternary_activity/README.md,5e1f6c63b17ab212b7fa81bad026bc59489730fce3d03e17d8ffee2ddb5fdee8
results/paper/vle/comparison/ternary_activity/sources.json,results/benchmarks/vle/comparison/ternary_activity/sources.json,8b8e02eadf16fe48c66339a01b3cab0519267351dca4c04afe9d4cca66f7a1ae
results/paper/vle/generalization/composition_edge/historical_v1_metrics.csv,results/benchmarks/vle/generalization/composition_edge/historical_v1_metrics.csv,779063492326f6359dce9f49f5e95c4c3ac25442f78f7e38bff1cee546cc1cf0
results/paper/vle/generalization/composition_edge/historical_v1_metrics.md,results/benchmarks/vle/generalization/composition_edge/historical_v1_metrics.md,4045b5cadcfb4eb9a4995b11eacec5b16dcab6f5f86daaf4a80a81f2d4b07160
results/paper/vle/generalization/composition_edge/README.md,results/benchmarks/vle/generalization/composition_edge/README.md,95589ae46b3cbd69669c1b3ad97b5b2db7fd41e4e8c8eab16f5e67ba7e399701
results/paper/vle/generalization/composition_edge/sources.json,results/benchmarks/vle/generalization/composition_edge/sources.json,191191ae332ffd84bd4f3783d26904224534214f14021b488e326a193beb6c3f
results/paper/vle/generalization/composition_interpolation/historical_v1_metrics.csv,results/benchmarks/vle/generalization/composition_interpolation/historical_v1_metrics.csv,a790562dafbfda43c051d51ff368cd4a92ba2a9f43ed48eb568beb0044c20b3f
results/paper/vle/generalization/composition_interpolation/historical_v1_metrics.md,results/benchmarks/vle/generalization/composition_interpolation/historical_v1_metrics.md,402656d2ab2062bdb3547cbadf019f889f07bfcbd3b52729d6bcb030326caec9
results/paper/vle/generalization/composition_interpolation/README.md,results/benchmarks/vle/generalization/composition_interpolation/README.md,1a2775e5073499d7bf81c0f482e7f409b06d19839e9f22516f1d2d85affef63c
results/paper/vle/generalization/composition_interpolation/sources.json,results/benchmarks/vle/generalization/composition_interpolation/sources.json,f88ace4f69e63578813a37e68f469f77c9e4a6114b313cc8b614884c605b0568
results/paper/vle/generalization/pressure_high/historical_v1_metrics.csv,results/benchmarks/vle/generalization/pressure_high/historical_v1_metrics.csv,2b23a4ad3fa37faeb246edd82cf7aed89d92f3894a4274fe0a4420ca91ac21f0
results/paper/vle/generalization/pressure_high/historical_v1_metrics.md,results/benchmarks/vle/generalization/pressure_high/historical_v1_metrics.md,c6f5e31576d2f9d28dd785db0f10f9087fbfe643fff9cecf1b00a152aaeeeede
results/paper/vle/generalization/pressure_high/README.md,results/benchmarks/vle/generalization/pressure_high/README.md,659d3f58ab741e095796f2afcca19da28ac62b87b58cb174b1497b4e3e4c3ed1
results/paper/vle/generalization/pressure_high/sources.json,results/benchmarks/vle/generalization/pressure_high/sources.json,ec0c53618508d06b4188aeaccc40b7a8fa15741de84e05036b8bfacc8199b8e5
results/paper/vle/generalization/pressure_low/historical_v1_metrics.csv,results/benchmarks/vle/generalization/pressure_low/historical_v1_metrics.csv,59717d5f744444a0fc30228a3c60256f49e90f37bf699331fed49a40c3f8b75e
results/paper/vle/generalization/pressure_low/historical_v1_metrics.md,results/benchmarks/vle/generalization/pressure_low/historical_v1_metrics.md,cbc30ac87dafe0a1ec4df75470c0ac34a65c719ad7b0999127ab6460ae9b04c1
results/paper/vle/generalization/pressure_low/README.md,results/benchmarks/vle/generalization/pressure_low/README.md,6fe04602262361c3d36440d307f68f5c633966e966b8d2b0050c080a0e502015
results/paper/vle/generalization/pressure_low/sources.json,results/benchmarks/vle/generalization/pressure_low/sources.json,afdddffe7b2f13df82e02f83c6e3444a956622c0c4b3900f1cff2ec05ec41af3
results/paper/vle/generalization/temperature_high/historical_v1_metrics.csv,results/benchmarks/vle/generalization/temperature_high/historical_v1_metrics.csv,6018da3073f5c63c6a922269eb1ca27743d06165377059af47997ee8881b4669
results/paper/vle/generalization/temperature_high/historical_v1_metrics.md,results/benchmarks/vle/generalization/temperature_high/historical_v1_metrics.md,e9976e141f331e37b35e93388dc4e8ed9923c1136479a000081b9b88c96431f5
results/paper/vle/generalization/temperature_high/README.md,results/benchmarks/vle/generalization/temperature_high/README.md,1f7deea92784d5e714e49e65e7f34bb75f188d2ac4712e501574e303277650ec
results/paper/vle/generalization/temperature_high/sources.json,results/benchmarks/vle/generalization/temperature_high/sources.json,29018dabc94043dad8551a1495b0b135f856d0528d73f4d53064aef21a87a40a
results/paper/vle/generalization/temperature_low/historical_v1_metrics.csv,results/benchmarks/vle/generalization/temperature_low/historical_v1_metrics.csv,e2636bf68d3289f0908846dbac56ed8541d7ff14f7758873d17007aea28d2f2b
results/paper/vle/generalization/temperature_low/historical_v1_metrics.md,results/benchmarks/vle/generalization/temperature_low/historical_v1_metrics.md,5d402fa754eb382047640c445fa0f1ca658cd19f30ce9b4431f0ff8c14f35ba3
results/paper/vle/generalization/temperature_low/README.md,results/benchmarks/vle/generalization/temperature_low/README.md,4e84129194f1e8cf0343c67bae811de273ff7b545772ccee68cf318aff163911
results/paper/vle/generalization/temperature_low/sources.json,results/benchmarks/vle/generalization/temperature_low/sources.json,f0b7d1bca27cfa6ffd29c6dcaa9d1535d76ec0223a28d17133cc48847e3911b4
results/paper/vle/generalization/unseen_component/historical_v1_metrics.csv,results/benchmarks/vle/generalization/unseen_component/historical_v1_metrics.csv,bb9877821872e737fe67024a852755b95ffaf71897a9901e912392408ca34db3
results/paper/vle/generalization/unseen_component/historical_v1_metrics.md,results/benchmarks/vle/generalization/unseen_component/historical_v1_metrics.md,459710c6810748935ce30e405fce004967544206159bb80bd865b0b701bd4242
results/paper/vle/generalization/unseen_component/README.md,results/benchmarks/vle/generalization/unseen_component/README.md,926d568599c3a4f697593d475141b30ddf2f9c090ba6f10337b35f42a87385f1
results/paper/vle/generalization/unseen_component/sources.json,results/benchmarks/vle/generalization/unseen_component/sources.json,a244ab8e6f65e2095a7fbe80ca07024e742b6df5fd1641106e174f391b134573
results/paper/vle/interpretability/context_exploratory/README.md,results/benchmarks/vle/interpretability/context_exploratory/README.md,95f0be092e81f2d1d9fb6d33f0c94ad810791971b9aa53ddd51609ceada3df2f
results/paper/vle/interpretability/context_exploratory/sources.json,results/benchmarks/vle/interpretability/context_exploratory/sources.json,866451b16d4f01bd0e57246fba55c8819f12fb783db9a9503617fd52ec28bea2
results/paper/vle/interpretability/manuscript/README.md,results/benchmarks/vle/interpretability/molecular_interactions/README.md,6ee2c05f6506e368881f3b05c7c638256bfa9161ddd0afff7d02c63505d38e04
results/paper/vle/interpretability/manuscript/sources.json,results/benchmarks/vle/interpretability/molecular_interactions/sources.json,7fccb51bbc2ef8bc4a3046f7560d94cc8572b5b1093554d5802b198f88590a28
results/paper/vle/prediction/binary/historical_v1_metrics.csv,results/benchmarks/vle/prediction/binary/historical_v1_metrics.csv,e762eac9237e002164b3dfd071e955f4c6da1529bf68c995c6010baf22e45fc6
results/paper/vle/prediction/binary/historical_v1_metrics.md,results/benchmarks/vle/prediction/binary/historical_v1_metrics.md,8418dd6853c4a3edef002f017214e6e52ca3bb0738b2f5ca36c6ae7bb8e8811d
results/paper/vle/prediction/binary/README.md,results/benchmarks/vle/prediction/binary/README.md,96925a6362ca5784998d3f71ff439f2213e8f9a6614f542d4c6e68d52e80d7e4
results/paper/vle/prediction/binary/sources.json,results/benchmarks/vle/prediction/binary/sources.json,aec1025936b248345c4030602392ebe6cad8130b6484137635a88ee8f8f0e43c
results/paper/vle/prediction/mixed/historical_v1_metrics.csv,results/benchmarks/vle/prediction/mixed/historical_v1_metrics.csv,d42b573a809a6acd258efa2cccb7f67ee3fc0f20e617ac322309d466b72872f9
results/paper/vle/prediction/mixed/historical_v1_metrics.md,results/benchmarks/vle/prediction/mixed/historical_v1_metrics.md,ff3a71e4c064c29ef620b8207e0b3ac12c0655449ae5615fd7e83e8f8d0050cd
results/paper/vle/prediction/mixed/README.md,results/benchmarks/vle/prediction/mixed/README.md,3b6ec15484d15b9c27b6bf27e7c68d418808a562c1c7050a5884f97f74d9e19c
results/paper/vle/prediction/mixed/sources.json,results/benchmarks/vle/prediction/mixed/sources.json,bd49bdb64c55ab7e8028185f91292dab39631a5260fa81ba3097e249ae0ed617
results/paper/vle/prediction/ternary/historical_v1_metrics.csv,results/benchmarks/vle/prediction/ternary/historical_v1_metrics.csv,3abb052395e66491b8b54a61759b98dd8de450db9aa356a6b8ceaa534ec68fec
results/paper/vle/prediction/ternary/historical_v1_metrics.md,results/benchmarks/vle/prediction/ternary/historical_v1_metrics.md,0354ab762f9518ebc178c8ba2c6525904c08f34d886f53ea48e53aab8d6e420c
results/paper/vle/prediction/ternary/README.md,results/benchmarks/vle/prediction/ternary/README.md,30014aa5105943bfdb4cac3d6da6d43d6c1ca03d90bdc882442b4cd98a425e17
results/paper/vle/prediction/ternary/sources.json,results/benchmarks/vle/prediction/ternary/sources.json,6a452054903018b771dd89e3aec91d11e227d445b797b627437d2136b7445ef1
docs/paper_reproduction/backend_help_checks.json,docs/reproducibility/backend_help_checks.json,2afdf36bd346753fab5d591d8a325836b913ac610d9f03757d466c38ea11a97f
docs/paper_reproduction/directory_tree.txt,docs/reproducibility/directory_tree.txt,54de6deb58492d66a5cb9fd5f6d45afeeac9df252c11010ddb14686ff6000088
docs/paper_reproduction/duplicate_audit.json,docs/reproducibility/duplicate_audit.json,16d9710b3391a3d1d08a09f7c320568b5c8f93ac317478c7f024aed9bd640c5f
docs/paper_reproduction/experiment_map.md,docs/reproducibility/experiment_map.md,893bddf79d585ef8379ad22dc0c1346a3ccdda2d09b50fc6b0803529c822c696
docs/paper_reproduction/file_mapping.csv,docs/reproducibility/file_mapping.csv,40a33a927aa1ec621559dc9384a416d073def936d720f554b3ae389bc851b78d
docs/paper_reproduction/migration.md,docs/reproducibility/migration.md,a6703877c96688ee0985af2556030c691e1c40f6b16433466bf9c83a439cfe6d
docs/paper_reproduction/mismatches.md,docs/reproducibility/mismatches.md,0a9ffc52aeb66c1b6232fe185d0cedc4a8eaaa8780649c892e4f9f5eecc12325
docs/paper_reproduction/missing_artifact_sources.json,docs/reproducibility/missing_artifact_sources.json,8f66dd992bc54cb75a2dc7b5e18f307171773a71e649e2f9c630dc71f49af839
docs/paper_reproduction/paper_files_tree.txt,docs/reproducibility/workflow_files_tree.txt,4a0dfc0b285481315611afc74d11ece1c4dc8c8f1c681074c816be3d77010c5d
docs/paper_reproduction/protected_files_before.json,docs/reproducibility/protected_files_before.json,e37ff03931f394924a6dd4b9a73bf142cd74beaec20ddd8ba5442ef88acdbd17
docs/paper_reproduction/README.md,docs/reproducibility/README.md,19808886980b5bfb7cb91b5548885ee86298567f6dbb3e059a8ed6207f3449cc
docs/paper_reproduction/repository_files.txt,docs/reproducibility/repository_files.txt,fbe3ebb2fb58f37abd50163d7d2cab61ca6f603708736622f2c3cbeda01d3d81
docs/paper_reproduction/reproduction_commands.json,docs/reproducibility/reproduction_commands.json,035ed2f89fc51dcbbe6470322de772e82240420031201f99c5fe2d6075c83ecb
docs/paper_reproduction/test_results.txt,docs/reproducibility/test_results.txt,bbca41082937036b2b29cef04846ce7a11df386ba914132321e72bd73cbf917a
docs/paper_reproduction/verification.json,docs/reproducibility/verification.json,21eef7c910d12ff97e1b01dd449370c0392fd15695e5f2dcd169373b5c143c3b
PAPER_REPRODUCTION.md,RESEARCH_GUIDE.md,0d037276583f6061193eb28ed7287c777df50b4b5d1060e2319ed4a59e4942c6
tests/test_paper_registry.py,tests/test_benchmark_registry.py,053af706b7d5ca7d75032baec7a0a2c588c6acd00be7338d1ffcede0b0357d10
scripts/run_paper_experiment.py,scripts/run_registered_experiment.py,56ef6e535300b6d96dc23eb1a415593fbd5df8fa890078c2f4414140b5d1aaa3
scripts/run_paper_suite.py,scripts/run_registered_suite.py,f200bd94df6933b4ac23da949bf845f9de4f106feb4760ec7420d26e8a24ca6e
src/paper_runner.py,src/experiment_runner.py,6d98e2c612c24b698a00b3626f09a048a033e472819d87889a8471a3c7f3c3eb
src/paper_protocols.py,src/experiment_protocols.py,59e33e104f235e2131b3f4658a4c20149b0c5e14e69b1150e7a4fba04a503523
tests/test_paper_runner.py,tests/test_registered_runner.py,4dcf40956d9f4309175511171d34247981b80e3fd1f59e46fde752c27e938b9d
docs/paper_code_map.md,docs/experiment_code_map.md,9281bf261a4e918b84f83b7ec492016739898b271bb04aa98dff8b74353f997f
archive/reference_code/tests/test_early_paper_outputs.py,archive/reference_code/tests/test_early_experiment_outputs.py,44774af2f6ee131197edc41a2b345cffa3de6298e5059c7f15a1c55763147bf4
archive/reference_code/reporting/early_paper_outputs.py,archive/reference_code/reporting/early_experiment_outputs.py,74f7a44e29e2eb295b3ac2111de0fa66a7f3b37bc11a6a6bf415456cbc97fe63
archive/reference_code/reporting/build_early_paper_outputs.py,archive/reference_code/reporting/build_early_experiment_outputs.py,71f067b6b4115016ddf7d490e2a9586ac3f19ddc3398cc2e5c4fea72b4cea798
archive/reference_code/experiment_records/paper/README.md,archive/reference_code/experiment_records/experiment_navigation/README.md,bc99acb4f01cbeddb2af9a4997edbbf4684a9fb392fa31db0d7172e0099157e7

