system,light,heavy,entrainer,alpha_base_u,alpha_ext_u,sel_u,alpha_base_t,alpha_ext_t,sel_t,sel_min,both_gt_1,N_u,N_t,R_u,R_t,nbp_light,nbp_heavy,nbp_ent
1-丁醇 / 水 / 甲苯,water,1-butanol,toluene,2.9567,39.5793,13.3864,0.9496,6.179,6.5069,6.5069,True,10,16,0.117,1.632,319.55,390.68,374.15
乙酸 / 水 / 二甲基亚砜,water,dimethyl sulfoxide,acetic acid,14.9632,523.8265,35.0076,0.4446,2.4933,5.6075,5.6075,True,7,217,0.07,47.512,319.55,463.7,390.94
乙酸 / 水 / 二甲基亚砜,acetic acid,dimethyl sulfoxide,water,6.271,39.7936,6.3457,0.2958,1.2412,4.196,4.196,True,10,4,0.07,0.07,390.94,463.7,319.55
1-丁醇 / 水 / 甲苯,toluene,1-butanol,water,1.4875,32.1566,21.6177,0.7179,2.3277,3.2423,3.2423,True,11,46,0.286,8.47,374.15,390.68,319.55
乙酸乙酯 / 乙酸正丙酯 / 二甲基亚砜,dimethyl sulfoxide,ethyl acetate,propyl acetate,0.0204,0.0576,2.8191,0.632,3.8844,6.1462,2.8191,True,4,28,0.07,4.306,463.7,350.15,374.37
乙酸 / 水 / 二甲基亚砜,water,acetic acid,dimethyl sulfoxide,2.0728,13.384,6.4569,0.7309,1.9839,2.7145,2.7145,True,11,62,0.451,12.204,319.55,390.94,463.7
乙酸乙酯 / 乙酸正丙酯 / 二甲基亚砜,dimethyl sulfoxide,propyl acetate,ethyl acetate,0.06,0.1352,2.2538,0.881,3.1352,3.5585,2.2538,True,4,25,0.07,3.667,463.7,374.37,350.15
乙腈 / 甲苯 / 四氢呋喃,acetonitrile,tetrahydrofuran,toluene,0.6127,1.3399,2.187,0.7858,1.8436,2.3462,2.187,True,4,62,0.07,12.238,354.56,339.13,374.15
乙醇 / 水 / 乙二醇,water,ethylene glycol,ethanol,36.4054,72.107,1.9807,2.4392,5.1725,2.1206,1.9807,True,8,13,0.07,0.847,319.55,469.86,351.47
乙腈 / 甲苯 / 四氢呋喃,toluene,tetrahydrofuran,acetonitrile,0.2403,0.357,1.4855,0.3716,0.8709,2.3435,1.4855,True,4,4,0.07,0.07,374.15,339.13,354.56
乙酸乙酯 / 乙酸正丙酯 / 二甲基亚砜,propyl acetate,ethyl acetate,dimethyl sulfoxide,0.4572,0.5678,1.2419,0.7437,1.2161,1.6351,1.2419,True,4,4,0.07,0.07,374.37,350.15,463.7
甲醇 / 乙酸甲酯 / 二甲基亚砜,methanol,dimethyl sulfoxide,methyl acetate,72.0647,82.1228,1.1396,0.944,0.9766,1.0346,1.0346,True,7,4,0.07,0.07,337.92,463.7,330.07
乙腈 / 甲苯 / 四氢呋喃,acetonitrile,toluene,tetrahydrofuran,2.548,3.6645,1.4382,2.2559,2.1417,0.9494,0.9494,False,14,17,1.086,1.963,354.56,374.15,339.13
乙醇 / 水 / glycerol,water,glycerol,ethanol,2111.4169,4172.6042,1.9762,7.3943,6.6117,0.8942,0.8942,False,5,11,0.07,0.281,319.55,558.02,351.47
甲醇 / 乙酸甲酯 / 二甲基亚砜,dimethyl sulfoxide,methanol,methyl acetate,0.0139,0.0122,0.8775,1.0593,1.0239,0.9666,0.8775,False,4,275,0.07,60.63,463.7,337.92,330.07
乙醇 / 水 / glycerol,water,ethanol,glycerol,0.5264,0.4078,0.7747,0.5622,3.651,6.4938,0.7747,False,4,34,0.07,5.684,319.55,351.47,558.02
1-丁醇 / 水 / 甲苯,water,toluene,1-butanol,1.9237,1.4364,0.7467,1.1676,2.5506,2.1845,0.7467,False,25,23,3.665,3.332,319.55,374.15,390.68
乙醇 / 水 / 乙二醇,water,ethanol,ethylene glycol,0.5264,0.3924,0.7454,0.5622,3.2686,5.8138,0.7454,False,4,39,0.07,6.946,319.55,351.47,469.86
乙腈 / 甲苯 / 四氢呋喃,toluene,acetonitrile,tetrahydrofuran,0.3925,0.2729,0.6953,0.4433,0.4669,1.0533,0.6953,False,4,4,0.07,0.07,374.15,354.56,339.13
乙酸乙酯 / 乙酸正丙酯 / 二甲基亚砜,ethyl acetate,propyl acetate,dimethyl sulfoxide,2.1872,1.7611,0.8052,1.3446,0.8223,0.6116,0.6116,False,20,223,2.478,48.792,350.15,374.37,463.7
甲醇 / 乙酸甲酯 / 二甲基亚砜,methyl acetate,methanol,dimethyl sulfoxide,1.4263,4.9514,3.4716,1.8317,0.9697,0.5294,0.5294,False,15,41,1.38,7.433,330.07,337.92,463.7
乙醇 / 水 / glycerol,glycerol,water,ethanol,0.0005,0.0002,0.506,0.1352,0.1512,1.1184,0.506,False,4,4,0.07,0.07,558.02,319.55,351.47
甲醇 / 乙酸甲酯 / 二甲基亚砜,methyl acetate,dimethyl sulfoxide,methanol,133.0451,527.0111,3.9611,1.9311,0.9499,0.4919,0.4919,False,6,39,0.07,6.972,330.07,463.7,337.92
乙醇 / 水 / 乙二醇,ethylene glycol,water,ethanol,0.0275,0.0139,0.5049,0.41,0.1933,0.4716,0.4716,False,4,4,0.07,0.07,469.86,319.55,351.47
1-丁醇 / 水 / 甲苯,toluene,water,1-butanol,0.5198,0.6962,1.3393,0.8564,0.3921,0.4578,0.4578,False,4,4,0.07,0.07,374.15,319.55,390.68
乙腈 / 甲苯 / 四氢呋喃,tetrahydrofuran,toluene,acetonitrile,4.161,2.8011,0.6732,2.691,1.1483,0.4267,0.4267,False,13,23,0.904,3.185,339.13,374.15,354.56
乙腈 / 甲苯 / 四氢呋喃,tetrahydrofuran,acetonitrile,toluene,1.6322,0.7463,0.4572,1.2726,0.5424,0.4262,0.4262,False,115,4,24.161,0.07,339.13,354.56,374.15
乙醇 / 水 / 乙二醇,ethanol,ethylene glycol,water,114.8169,398.368,3.4696,4.2213,1.6245,0.3848,0.3848,False,6,15,0.07,1.417,351.47,469.86,319.55
乙醇 / 水 / glycerol,glycerol,ethanol,water,0.0001,0.0,0.3463,0.0675,0.5167,7.6591,0.3463,False,4,4,0.07,0.07,558.02,351.47,319.55
乙醇 / 水 / 乙二醇,ethylene glycol,ethanol,water,0.0087,0.0025,0.2882,0.2369,0.6156,2.5985,0.2882,False,4,4,0.07,0.07,469.86,351.47,319.55
甲醇 / 乙酸甲酯 / 二甲基亚砜,methanol,methyl acetate,dimethyl sulfoxide,0.7011,0.202,0.2881,0.5459,1.0312,1.8889,0.2881,False,4,4,0.07,0.07,337.92,330.07,463.7
乙酸乙酯 / 乙酸正丙酯 / 二甲基亚砜,propyl acetate,dimethyl sulfoxide,ethyl acetate,16.6683,7.3956,0.4437,1.135,0.319,0.281,0.281,False,11,4,0.109,0.07,374.37,463.7,350.15
甲醇 / 乙酸甲酯 / 二甲基亚砜,dimethyl sulfoxide,methyl acetate,methanol,0.0075,0.0019,0.2525,0.5178,1.0528,2.033,0.2525,False,4,4,0.07,0.07,463.7,330.07,337.92
乙醇 / 水 / 乙二醇,ethanol,water,ethylene glycol,1.8995,2.5484,1.3416,1.7787,0.3059,0.172,0.172,False,17,4,1.96,0.07,351.47,319.55,469.86
乙酸乙酯 / 乙酸正丙酯 / 二甲基亚砜,ethyl acetate,dimethyl sulfoxide,propyl acetate,48.9447,17.3616,0.3547,1.5823,0.2574,0.1627,0.1627,False,9,4,0.07,0.07,350.15,463.7,374.37
乙酸 / 水 / 二甲基亚砜,dimethyl sulfoxide,acetic acid,water,0.1595,0.0251,0.1576,3.3805,0.8057,0.2383,0.1576,False,4,25,0.07,3.735,463.7,390.94,319.55
乙酸 / 水 / 二甲基亚砜,acetic acid,water,dimethyl sulfoxide,0.4824,0.0747,0.1549,1.3683,0.504,0.3684,0.1549,False,4,4,0.07,0.07,390.94,319.55,463.7
乙醇 / 水 / glycerol,ethanol,water,glycerol,1.8995,2.4519,1.2908,1.7787,0.2739,0.154,0.154,False,18,4,2.036,0.07,351.47,319.55,558.02
乙醇 / 水 / glycerol,ethanol,glycerol,water,10641.5652,30729.1743,2.8877,14.8228,1.9353,0.1306,0.1306,False,5,11,0.07,0.439,351.47,558.02,319.55
1-丁醇 / 水 / 甲苯,1-butanol,water,toluene,0.3382,0.0253,0.0747,1.0531,0.1618,0.1537,0.0747,False,4,4,0.07,0.07,390.68,319.55,374.15
1-丁醇 / 水 / 甲苯,1-butanol,toluene,water,0.6723,0.0311,0.0463,1.3929,0.4296,0.3084,0.0463,False,4,4,0.07,0.07,390.68,374.15,319.55
乙酸 / 水 / 二甲基亚砜,dimethyl sulfoxide,water,acetic acid,0.0668,0.0019,0.0286,2.2491,0.4011,0.1783,0.0286,False,4,4,0.07,0.07,463.7,319.55,390.94
