system,all_resolvable,mapping,mae,worst,n_points,smiles
乙腈 / 甲苯 / 四氢呋喃,True,乙腈[CC#N] -> Acetonitrile; 甲苯[CC1=CC=CC=C1] -> Toluene; 四氢呋喃[C1CCOC1] -> Tetrahydrofuran,0.0515,0.1233,8,CC#N | CC1=CC=CC=C1 | C1CCOC1
1-丁醇 / 水 / 甲苯,True,1-丁醇[CCCCO] -> 1-butanol; 水[O] -> Water; 甲苯[CC1=CC=CC=C1] -> Toluene,0.0655,0.1202,43,CCCCO | O | CC1=CC=CC=C1
苯 / 噻吩 / N-甲基吡咯烷酮,True,苯[C1=CC=CC=C1] -> Benzene; 噻吩[C1=CSC=C1] -> Thiophene; N-甲基吡咯烷酮[CN1CCCC1=O] -> N-methyl-2-pyrrolidone,0.0664,0.1639,21,C1=CC=CC=C1 | C1=CSC=C1 | CN1CCCC1=O
乙酸 / 水 / 丁酮,True,乙酸[CC(=O)O] -> Acetic acid; 水[O] -> Water; 丁酮[CCC(=O)C] -> Methyl ethyl ketone,0.0692,0.2038,20,CC(=O)O | O | CCC(=O)C
甲基环己烷 / 水 / 苯胺,True,甲基环己烷[CC1CCCCC1] -> Methylcyclohexane; 水[O] -> Water; 苯胺[C1=CC=C(C=C1)N] -> Aniline,0.074,0.2092,16,CC1CCCCC1 | O | C1=CC=C(C=C1)N
水 / 1-丁醇 / 2-戊醇,True,水[O] -> Water; 1-丁醇[CCCCO] -> 1-butanol; 2-戊醇[CCCC(C)O] -> 2-pentanol,0.0782,0.1513,51,O | CCCCO | CCCC(C)O
1-丙醇 / 二丙醚 / 1-戊醇,True,1-丙醇[CCCO] -> 1-propanol; 二丙醚[CCCOCCC] -> 1-Propoxypropane; 1-戊醇[CCCCCO] -> 1-pentanol,0.0798,0.2177,41,CCCO | CCCOCCC | CCCCCO
甲醇 / 碳酸二甲酯 / 2-乙氧基乙醇,True,甲醇[CO] -> Methanol; 碳酸二甲酯[COC(=O)OC] -> Dimethyl carbonate; 2-乙氧基乙醇[CCOCCO] -> 2-ethoxyethanol,0.0864,0.2592,138,CO | COC(=O)OC | CCOCCO
1-丙醇 / 二丙醚 / 2-乙氧基乙醇,True,1-丙醇[CCCO] -> 1-propanol; 二丙醚[CCCOCCC] -> 1-Propoxypropane; 2-乙氧基乙醇[CCOCCO] -> 2-ethoxyethanol,0.0867,0.222,41,CCCO | CCCOCCC | CCOCCO
丙酮 / 二异丙醚 / 环己烷,True,丙酮[CC(=O)C] -> Acetone; 二异丙醚[CC(C)OC(C)C] -> Diisopropyl ether; 环己烷[C1CCCCC1] -> Cyclohexane,0.0914,0.1706,43,CC(=O)C | CC(C)OC(C)C | C1CCCCC1
"乙醇 / 乙基-1,1-二甲基丙基醚 / 水",True,"乙醇[CCO] -> Ethanol; 乙基-1,1-二甲基丙基醚[CCC(C)(C)OCC] -> Ethyl tert-pentyl ether; 水[O] -> Water",0.1009,0.1904,94,CCO | CCC(C)(C)OCC | O
2-甲基-1-丙醇 / 乙酸异丁酯 / 1-己醇,True,2-甲基-1-丙醇[CC(C)CO] -> 2-methyl-1-propanol; 乙酸异丁酯[CC(C)COC(=O)C] -> Isobutyl acetate; 1-己醇[CCCCCCO] -> 1-hexanol,0.1042,0.2739,42,CC(C)CO | CC(C)COC(=O)C | CCCCCCO
1-丁醇 / 水 / 对二甲苯,True,1-丁醇[CCCCO] -> 1-butanol; 水[O] -> Water; 对二甲苯[CC1=CC=C(C=C1)C] -> P-xylene,0.1073,0.1833,54,CCCCO | O | CC1=CC=C(C=C1)C
碳酸二乙酯 / 水 / 乙醇,True,碳酸二乙酯[CCOC(=O)OCC] -> DiEthyl Carbonate; 水[O] -> Water; 乙醇[CCO] -> Ethanol,0.1125,0.2319,32,CCOC(=O)OCC | O | CCO
环己烷 / 水 / 苯胺,True,环己烷[C1CCCCC1] -> Cyclohexane; 水[O] -> Water; 苯胺[C1=CC=C(C=C1)N] -> Aniline,0.122,0.3678,20,C1CCCCC1 | O | C1=CC=C(C=C1)N
甲醇 / 碳酸二甲酯 / 4-甲基-2-戊酮,True,甲醇[CO] -> Methanol; 碳酸二甲酯[COC(=O)OC] -> Dimethyl carbonate; 4-甲基-2-戊酮[CC(C)CC(=O)C] -> Methyl isobutyl ketone,0.1719,0.4202,110,CO | COC(=O)OC | CC(C)CC(=O)C
乙酸 / 水 / N-甲基吡咯烷酮,True,乙酸[CC(=O)O] -> Acetic acid; 水[O] -> Water; N-甲基吡咯烷酮[CN1CCCC1=O] -> N-methyl-2-pyrrolidone,0.1818,0.3227,15,CC(=O)O | O | CN1CCCC1=O
"甲醇 / 乙基-1,1-二甲基丙基醚 / 水",True,"甲醇[CO] -> Methanol; 乙基-1,1-二甲基丙基醚[CCC(C)(C)OCC] -> Ethyl tert-pentyl ether; 水[O] -> Water",0.1857,0.3623,99,CO | CCC(C)(C)OCC | O
2-丙醇 / 1-丁醇 / 1-戊醇,True,2-丙醇[CC(C)O] -> Isopropanol; 1-丁醇[CCCCO] -> 1-butanol; 1-戊醇[CCCCCO] -> 1-pentanol,0.2012,0.509,12,CC(C)O | CCCCO | CCCCCO
2-丙醇 / 二异丙醚 / 4-甲基-2-戊酮,True,2-丙醇[CC(C)O] -> Isopropanol; 二异丙醚[CC(C)OC(C)C] -> Diisopropyl ether; 4-甲基-2-戊酮[CC(C)CC(=O)C] -> Methyl isobutyl ketone,0.2033,0.3615,90,CC(C)O | CC(C)OC(C)C | CC(C)CC(=O)C
乙酸 / 水 / N-甲基乙酰胺,True,乙酸[CC(=O)O] -> Acetic acid; 水[O] -> Water; N-甲基乙酰胺[CC(=O)NC] -> N-Methylethanamide,0.2163,0.36,15,CC(=O)O | O | CC(=O)NC
1-丙醇 / 乙腈 / 乙二醇,True,1-丙醇[CCCO] -> 1-propanol; 乙腈[CC#N] -> Acetonitrile; 乙二醇[C(CO)O] -> Ethylene glycol,0.2553,0.5732,15,CCCO | CC#N | C(CO)O
乙酸 / 水 / 二甲基亚砜,True,乙酸[CC(=O)O] -> Acetic acid; 水[O] -> Water; 二甲基亚砜[CS(=O)C] -> Dimethyl sulfoxide,0.2739,0.4805,17,CC(=O)O | O | CS(=O)C
甲醇 / 乙酸甲酯 / 二甲基亚砜,True,甲醇[CO] -> Methanol; 乙酸甲酯[CC(=O)OC] -> Methyl acetate; 二甲基亚砜[CS(=O)C] -> Dimethyl sulfoxide,0.3668,0.5973,16,CO | CC(=O)OC | CS(=O)C
乙酸乙酯 / 乙酸正丙酯 / 二甲基亚砜,True,乙酸乙酯[CCOC(=O)C] -> Ethyl acetate; 乙酸正丙酯[CCCOC(=O)C] -> N-propyl acetate; 二甲基亚砜[CS(=O)C] -> Dimethyl sulfoxide,0.3807,0.613,36,CCOC(=O)C | CCCOC(=O)C | CS(=O)C
噻吩 / 二氧化碳 / 1-丙醇,True,噻吩[C1=CSC=C1] -> Thiophene; 二氧化碳[C(=O)=O] -> Carbon dioxide; 1-丙醇[CCCO] -> 1-propanol,,,,C1=CSC=C1 | C(=O)=O | CCCO
二氧化碳 / 氩气 / 氧气,True,二氧化碳[C(=O)=O] -> Carbon dioxide; 氩气[[Ar]] -> Argon; 氧气[O=O] -> Oxygen,,,,C(=O)=O | [Ar] | O=O
二氧化碳 / 氧气 / 二氧化硫,True,二氧化碳[C(=O)=O] -> Carbon dioxide; 氧气[O=O] -> Oxygen; 二氧化硫[O=S=O] -> Sulfur dioxide,,,,C(=O)=O | O=O | O=S=O
乙醇 / 水 / 乙二醇,True,乙醇[CCO] -> Ethanol; 水[O] -> Water; 乙二醇[C(CO)O] -> Ethylene glycol,,,,CCO | O | C(CO)O
乙醇 / 水 / glycerol,True,乙醇[CCO] -> Ethanol; 水[O] -> Water; glycerol[OCC(O)CO] -> Glycerol,,,,CCO | O | OCC(O)CO
乙醇 / 正己烷 / 丙酸乙酯,False,乙醇[CCO] -> Ethanol; 正己烷[CCCCCC] -> N-hexane; 丙酸乙酯[CCC(=O)OCC] -> MISSING,0.0182,0.0714,117,CCO | CCCCCC | CCC(=O)OCC
"乙腈 / 1,3-dimethylimidazolium dimethylphosphate / 乙醇",False,"乙腈[CC#N] -> Acetonitrile; 1,3-dimethylimidazolium dimethylphosphate[COP(=O)([O-])OC.Cn1cc[n+](C)c1] -> MISSING; 乙醇[CCO] -> Ethanol",0.0391,0.1546,42,CC#N | COP(=O)([O-])OC.Cn1cc[n+](C)c1 | CCO
甲醇 / 丙酮 / 2-hydroxyethylammonium acetate,False,甲醇[CO] -> Methanol; 丙酮[CC(=O)C] -> Acetone; 2-hydroxyethylammonium acetate[CC(=O)O.NCCO] -> MISSING,0.0412,0.1064,40,CO | CC(=O)C | CC(=O)O.NCCO
2-甲基-1-丙醇 / 异辛烷 / 4-甲基-2-戊酮,False,2-甲基-1-丙醇[CC(C)CO] -> 2-methyl-1-propanol; 异辛烷[CC(C)CC(C)(C)C] -> MISSING; 4-甲基-2-戊酮[CC(C)CC(=O)C] -> Methyl isobutyl ketone,0.0435,0.1306,84,CC(C)CO | CC(C)CC(C)(C)C | CC(C)CC(=O)C
"2-丁醇 / 乙酸仲丁酯 / N,N-二甲基甲酰胺",False,"2-丁醇[CCC(C)O] -> 2-butanol; 乙酸仲丁酯[CCC(C)OC(=O)C] -> MISSING; N,N-二甲基甲酰胺[CN(C)C=O] -> MISSING",0.0441,0.1113,17,CCC(C)O | CCC(C)OC(=O)C | CN(C)C=O
"环己烷 / 环己烯 / 四氢-1,4-噁嗪",False,"环己烷[C1CCCCC1] -> Cyclohexane; 环己烯[C1CCC=CC1] -> Cyclohexene; 四氢-1,4-噁嗪[C1COCCN1] -> MISSING",0.0455,0.1379,42,C1CCCCC1 | C1CCC=CC1 | C1COCCN1
"2-甲基-1-丙醇 / 乙酸异丁酯 / N,N-二甲基甲酰胺",False,"2-甲基-1-丙醇[CC(C)CO] -> 2-methyl-1-propanol; 乙酸异丁酯[CC(C)COC(=O)C] -> Isobutyl acetate; N,N-二甲基甲酰胺[CN(C)C=O] -> MISSING",0.0459,0.1093,42,CC(C)CO | CC(C)COC(=O)C | CN(C)C=O
乙腈 / 1-ethyl-3-methylimidazolium diethyl phosphate / 乙醇,False,乙腈[CC#N] -> Acetonitrile; 1-ethyl-3-methylimidazolium diethyl phosphate[CCOP(=O)([O-])OCC.CCn1cc[n+](C)c1] -> MISSING; 乙醇[CCO] -> Ethanol,0.0459,0.1913,43,CC#N | CCOP(=O)([O-])OCC.CCn1cc[n+](C)c1 | CCO
乙腈 / 1-butyl-3-methylimidazolium dibutyl phosphate / 乙醇,False,乙腈[CC#N] -> Acetonitrile; 1-butyl-3-methylimidazolium dibutyl phosphate[CCCCOP(=O)([O-])OCCCC.CCCCn1cc[n+](C)c1] -> MISSING; 乙醇[CCO] -> Ethanol,0.0478,0.1853,43,CC#N | CCCCOP(=O)([O-])OCCCC.CCCCn1cc[n+](C)c1 | CCO
丁酮 / 1-butyl-3-methylimidazolium dibutyl phosphate / 乙醇,False,丁酮[CCC(=O)C] -> Methyl ethyl ketone; 1-butyl-3-methylimidazolium dibutyl phosphate[CCCCOP(=O)([O-])OCCCC.CCCCn1cc[n+](C)c1] -> MISSING; 乙醇[CCO] -> Ethanol,0.0503,0.1572,40,CCC(=O)C | CCCCOP(=O)([O-])OCCCC.CCCCn1cc[n+](C)c1 | CCO
丁酮 / 1-ethyl-3-methylimidazolium diethyl phosphate / 乙醇,False,丁酮[CCC(=O)C] -> Methyl ethyl ketone; 1-ethyl-3-methylimidazolium diethyl phosphate[CCOP(=O)([O-])OCC.CCn1cc[n+](C)c1] -> MISSING; 乙醇[CCO] -> Ethanol,0.051,0.167,44,CCC(=O)C | CCOP(=O)([O-])OCC.CCn1cc[n+](C)c1 | CCO
甲醇 / 丙酮 / 2-aminoethanol hydrochloride,False,甲醇[CO] -> Methanol; 丙酮[CC(=O)C] -> Acetone; 2-aminoethanol hydrochloride[Cl.NCCO] -> MISSING,0.0511,0.1174,33,CO | CC(=O)C | Cl.NCCO
丁酮 / 1-butyl-3-methylimidazolium diethyl phosphate / 乙醇,False,丁酮[CCC(=O)C] -> Methyl ethyl ketone; 1-butyl-3-methylimidazolium diethyl phosphate[CCCCn1cc[n+](C)c1.CCOP(=O)([O-])OCC] -> MISSING; 乙醇[CCO] -> Ethanol,0.0513,0.1587,42,CCC(=O)C | CCCCn1cc[n+](C)c1.CCOP(=O)([O-])OCC | CCO
甲基环己烷 / 水 / 环己胺,False,甲基环己烷[CC1CCCCC1] -> Methylcyclohexane; 水[O] -> Water; 环己胺[C1CCC(CC1)N] -> MISSING,0.0549,0.1446,24,CC1CCCCC1 | O | C1CCC(CC1)N
乙腈 / 1-butyl-3-methylimidazolium acetate / 甲醇,False,乙腈[CC#N] -> Acetonitrile; 1-butyl-3-methylimidazolium acetate[CC(=O)[O-].CCCCn1cc[n+](C)c1] -> MISSING; 甲醇[CO] -> Methanol,0.0553,0.1694,36,CC#N | CC(=O)[O-].CCCCn1cc[n+](C)c1 | CO
乙醇 / 环己烷 / 丙酸乙酯,False,乙醇[CCO] -> Ethanol; 环己烷[C1CCCCC1] -> Cyclohexane; 丙酸乙酯[CCC(=O)OCC] -> MISSING,0.0593,0.1136,124,CCO | C1CCCCC1 | CCC(=O)OCC
2-丙醇 / 3-甲基-2-丁酮 / 异辛烷,False,2-丙醇[CC(C)O] -> Isopropanol; 3-甲基-2-丁酮[CC(C)C(=O)C] -> Methyl isopropyl ketone; 异辛烷[CC(C)CC(C)(C)C] -> MISSING,0.0599,0.131,66,CC(C)O | CC(C)C(=O)C | CC(C)CC(C)(C)C
乙腈 / 1-butyl-3-methylimidazolium chloride / 甲醇,False,乙腈[CC#N] -> Acetonitrile; 1-butyl-3-methylimidazolium chloride[CCCCn1cc[n+](C)c1.[Cl-]] -> MISSING; 甲醇[CO] -> Methanol,0.0614,0.166,36,CC#N | CCCCn1cc[n+](C)c1.[Cl-] | CO
"1-丙醇 / 水 / 2-amino-2-(hydroxymethyl)-1,3-propanediol",False,"1-丙醇[CCCO] -> 1-propanol; 水[O] -> Water; 2-amino-2-(hydroxymethyl)-1,3-propanediol[NC(CO)(CO)CO] -> MISSING",0.0625,0.1326,28,CCCO | O | NC(CO)(CO)CO
2-甲基-1-丙醇 / 乙酸异丁酯 / 丙酸正丁酯,False,2-甲基-1-丙醇[CC(C)CO] -> 2-methyl-1-propanol; 乙酸异丁酯[CC(C)COC(=O)C] -> Isobutyl acetate; 丙酸正丁酯[CCCCOC(=O)CC] -> MISSING,0.0683,0.1753,42,CC(C)CO | CC(C)COC(=O)C | CCCCOC(=O)CC
1-butyl-3-methylimidazolium bis(trifluoromethylsulfonyl)imide / 甲醇 / 碳酸二甲酯,False,1-butyl-3-methylimidazolium bis(trifluoromethylsulfonyl)imide[CCCCn1cc[n+](C)c1.O=S(=O)([N-]S(=O)(=O)C(F)(F)F)C(F)(F)F] -> MISSING; 甲醇[CO] -> Methanol; 碳酸二甲酯[COC(=O)OC] -> Dimethyl carbonate,0.0748,0.1528,27,CCCCn1cc[n+](C)c1.O=S(=O)([N-]S(=O)(=O)C(F)(F)F)C(F)(F)F | CO | COC(=O)OC
乙腈 / 1-butyl-3-methylimidazolium bromide / 甲醇,False,乙腈[CC#N] -> Acetonitrile; 1-butyl-3-methylimidazolium bromide[CCCCn1cc[n+](C)c1.[Br-]] -> MISSING; 甲醇[CO] -> Methanol,0.0789,0.1901,48,CC#N | CCCCn1cc[n+](C)c1.[Br-] | CO
甲醇 / 丙酸甲酯 / 1-butyl-3-methylimidazolium bis(trifluoromethylsulfonyl)imide,False,甲醇[CO] -> Methanol; 丙酸甲酯[CCC(=O)OC] -> Methyl propionate; 1-butyl-3-methylimidazolium bis(trifluoromethylsulfonyl)imide[CCCCn1cc[n+](C)c1.O=S(=O)([N-]S(=O)(=O)C(F)(F)F)C(F)(F)F] -> MISSING,0.0808,0.1841,33,CO | CCC(=O)OC | CCCCn1cc[n+](C)c1.O=S(=O)([N-]S(=O)(=O)C(F)(F)F)C(F)(F)F
1-hexyl-3-methylimidazolium bis[(trifluoromethyl)sulfonyl]imide / 甲醇 / 碳酸二甲酯,False,1-hexyl-3-methylimidazolium bis[(trifluoromethyl)sulfonyl]imide[CCCCCCn1cc[n+](C)c1.O=S(=O)([N-]S(=O)(=O)C(F)(F)F)C(F)(F)F] -> MISSING; 甲醇[CO] -> Methanol; 碳酸二甲酯[COC(=O)OC] -> Dimethyl carbonate,0.0818,0.1951,27,CCCCCCn1cc[n+](C)c1.O=S(=O)([N-]S(=O)(=O)C(F)(F)F)C(F)(F)F | CO | COC(=O)OC
乙醇 / 二异丙醚 / 异辛烷,False,乙醇[CCO] -> Ethanol; 二异丙醚[CC(C)OC(C)C] -> Diisopropyl ether; 异辛烷[CC(C)CC(C)(C)C] -> MISSING,0.0886,0.2105,55,CCO | CC(C)OC(C)C | CC(C)CC(C)(C)C
环己烷 / 水 / 环己胺,False,环己烷[C1CCCCC1] -> Cyclohexane; 水[O] -> Water; 环己胺[C1CCC(CC1)N] -> MISSING,0.0947,0.2091,19,C1CCCCC1 | O | C1CCC(CC1)N
苯胺 / 甲基环己烷 / 环己胺,False,苯胺[C1=CC=C(C=C1)N] -> Aniline; 甲基环己烷[CC1CCCCC1] -> Methylcyclohexane; 环己胺[C1CCC(CC1)N] -> MISSING,0.0962,0.1826,21,C1=CC=C(C=C1)N | CC1CCCCC1 | C1CCC(CC1)N
"氯仿 / 1,3-dimethylimidazolium dimethylphosphate / 2-丙醇",False,"氯仿[C(Cl)(Cl)Cl] -> Chloroform; 1,3-dimethylimidazolium dimethylphosphate[COP(=O)([O-])OC.Cn1cc[n+](C)c1] -> MISSING; 2-丙醇[CC(C)O] -> Isopropanol",0.107,0.2206,30,C(Cl)(Cl)Cl | COP(=O)([O-])OC.Cn1cc[n+](C)c1 | CC(C)O
甲醇 / 丙酮 / 1-ethyl-3-methylimidazolium acetate,False,甲醇[CO] -> Methanol; 丙酮[CC(=O)C] -> Acetone; 1-ethyl-3-methylimidazolium acetate[CC(=O)[O-].CCn1cc[n+](C)c1] -> MISSING,0.1118,0.22,42,CO | CC(=O)C | CC(=O)[O-].CCn1cc[n+](C)c1
甲醇 / 1-ethyl-3-methylimidazolium tetrafluoroborate / 乙腈,False,甲醇[CO] -> Methanol; 1-ethyl-3-methylimidazolium tetrafluoroborate[CCn1cc[n+](C)c1.F[B-](F)(F)F] -> MISSING; 乙腈[CC#N] -> Acetonitrile,0.1126,0.2218,30,CO | CCn1cc[n+](C)c1.F[B-](F)(F)F | CC#N
2-丙醇 / 四氢吡喃 / 异辛烷,False,2-丙醇[CC(C)O] -> Isopropanol; 四氢吡喃[C1CCOCC1] -> MISSING; 异辛烷[CC(C)CC(C)(C)C] -> MISSING,0.1139,0.2126,51,CC(C)O | C1CCOCC1 | CC(C)CC(C)(C)C
甲醇 / 1-methyl-3-octylimidazolium tetrafluoroborate / 乙腈,False,甲醇[CO] -> Methanol; 1-methyl-3-octylimidazolium tetrafluoroborate[CCCCCCCCn1cc[n+](C)c1.F[B-](F)(F)F] -> MISSING; 乙腈[CC#N] -> Acetonitrile,0.1197,0.2182,30,CO | CCCCCCCCn1cc[n+](C)c1.F[B-](F)(F)F | CC#N
乙酸 / 水 / 1-butyl-3-methylimidazolium dibutyl phosphate,False,乙酸[CC(=O)O] -> Acetic acid; 水[O] -> Water; 1-butyl-3-methylimidazolium dibutyl phosphate[CCCCOP(=O)([O-])OCCCC.CCCCn1cc[n+](C)c1] -> MISSING,0.1228,0.2894,30,CC(=O)O | O | CCCCOP(=O)([O-])OCCCC.CCCCn1cc[n+](C)c1
乙醇 / 正辛烷 / 丙酸乙酯,False,乙醇[CCO] -> Ethanol; 正辛烷[CCCCCCCC] -> N-octane; 丙酸乙酯[CCC(=O)OCC] -> MISSING,0.1263,0.3317,120,CCO | CCCCCCCC | CCC(=O)OCC
"2,3-二甲基丁烷 / 二异丙醚 / 3-甲基-2-丁酮",False,"2,3-二甲基丁烷[CC(C)C(C)C] -> MISSING; 二异丙醚[CC(C)OC(C)C] -> Diisopropyl ether; 3-甲基-2-丁酮[CC(C)C(=O)C] -> Methyl isopropyl ketone",0.1271,0.2657,84,CC(C)C(C)C | CC(C)OC(C)C | CC(C)C(=O)C
乙醇 / 丙酮 / 异辛烷,False,乙醇[CCO] -> Ethanol; 丙酮[CC(=O)C] -> Acetone; 异辛烷[CC(C)CC(C)(C)C] -> MISSING,0.1287,0.2363,54,CCO | CC(=O)C | CC(C)CC(C)(C)C
乙酸异丙酯 / 1-decyl-3-methylimidazolium acetate / 2-丙醇,False,乙酸异丙酯[CC(=O)OC(C)C] -> Isopropyl acetate; 1-decyl-3-methylimidazolium acetate[CC(=O)[O-].CCCCCCCCCCn1cc[n+](C)c1] -> MISSING; 2-丙醇[CC(C)O] -> Isopropanol,0.1321,0.3199,54,CC(=O)OC(C)C | CC(=O)[O-].CCCCCCCCCCn1cc[n+](C)c1 | CC(C)O
乙醇 / 丁酮 / 异辛烷,False,乙醇[CCO] -> Ethanol; 丁酮[CCC(=O)C] -> Methyl ethyl ketone; 异辛烷[CC(C)CC(C)(C)C] -> MISSING,0.1341,0.2483,51,CCO | CCC(=O)C | CC(C)CC(C)(C)C
2-丙醇 / 乙腈 / 1-ethyl-3-methylimidazolium tetrafluoroborate,False,2-丙醇[CC(C)O] -> Isopropanol; 乙腈[CC#N] -> Acetonitrile; 1-ethyl-3-methylimidazolium tetrafluoroborate[CCn1cc[n+](C)c1.F[B-](F)(F)F] -> MISSING,0.1341,0.2773,30,CC(C)O | CC#N | CCn1cc[n+](C)c1.F[B-](F)(F)F
乙腈 / 水 / 1-hexyl-3-methylimidazolium chloride,False,乙腈[CC#N] -> Acetonitrile; 水[O] -> Water; 1-hexyl-3-methylimidazolium chloride[CCCCCCn1cc[n+](C)c1.[Cl-]] -> MISSING,0.1347,0.3332,41,CC#N | O | CCCCCCn1cc[n+](C)c1.[Cl-]
"2-丙醇 / 异辛烷 / 2,4-二甲基-3-戊酮",False,"2-丙醇[CC(C)O] -> Isopropanol; 异辛烷[CC(C)CC(C)(C)C] -> MISSING; 2,4-二甲基-3-戊酮[CC(C)C(=O)C(C)C] -> Diisopropyl ketone",0.1363,0.2301,64,CC(C)O | CC(C)CC(C)(C)C | CC(C)C(=O)C(C)C
乙酸异丙酯 / 1-methyl-3-octylimidazolium acetate / 2-丙醇,False,乙酸异丙酯[CC(=O)OC(C)C] -> Isopropyl acetate; 1-methyl-3-octylimidazolium acetate[CC(=O)[O-].CCCCCCCCn1cc[n+](C)c1] -> MISSING; 2-丙醇[CC(C)O] -> Isopropanol,0.1381,0.3235,56,CC(=O)OC(C)C | CC(=O)[O-].CCCCCCCCn1cc[n+](C)c1 | CC(C)O
2-丙醇 / 乙腈 / 1-butyl-3-methylimidazolium tetrafluoroborate,False,2-丙醇[CC(C)O] -> Isopropanol; 乙腈[CC#N] -> Acetonitrile; 1-butyl-3-methylimidazolium tetrafluoroborate[CCCCn1cc[n+](C)c1.F[B-](F)(F)F] -> MISSING,0.1383,0.2742,30,CC(C)O | CC#N | CCCCn1cc[n+](C)c1.F[B-](F)(F)F
乙腈 / 水 / 1-allyl-3-methylimidazolium chloride,False,乙腈[CC#N] -> Acetonitrile; 水[O] -> Water; 1-allyl-3-methylimidazolium chloride[C=CCn1cc[n+](C)c1.[Cl-]] -> MISSING,0.1398,0.35,18,CC#N | O | C=CCn1cc[n+](C)c1.[Cl-]
乙酸异丙酯 / 3-hexyl-1-methylimidazolium acetate / 2-丙醇,False,乙酸异丙酯[CC(=O)OC(C)C] -> Isopropyl acetate; 3-hexyl-1-methylimidazolium acetate[CC(=O)[O-].CCCCCCn1cc[n+](C)c1] -> MISSING; 2-丙醇[CC(C)O] -> Isopropanol,0.1423,0.3706,57,CC(=O)OC(C)C | CC(=O)[O-].CCCCCCn1cc[n+](C)c1 | CC(C)O
"乙酸 / 水 / N,N-二甲基甲酰胺",False,"乙酸[CC(=O)O] -> Acetic acid; 水[O] -> Water; N,N-二甲基甲酰胺[CN(C)C=O] -> MISSING",0.1437,0.2884,15,CC(=O)O | O | CN(C)C=O
乙腈 / 水 / 1-butyl-3-methylimidazolium chloride,False,乙腈[CC#N] -> Acetonitrile; 水[O] -> Water; 1-butyl-3-methylimidazolium chloride[CCCCn1cc[n+](C)c1.[Cl-]] -> MISSING,0.1439,0.3705,27,CC#N | O | CCCCn1cc[n+](C)c1.[Cl-]
"乙醇 / 水 / 1,3-丙二醇",False,"乙醇[CCO] -> Ethanol; 水[O] -> Water; 1,3-丙二醇[C(CO)CO] -> MISSING",0.1449,0.3603,39,CCO | O | C(CO)CO
"2-丁醇 / 乙酸仲丁酯 / N,N-二甲基乙酰胺",False,"2-丁醇[CCC(C)O] -> 2-butanol; 乙酸仲丁酯[CCC(C)OC(=O)C] -> MISSING; N,N-二甲基乙酰胺[CC(=O)N(C)C] -> MISSING",0.1515,0.2408,14,CCC(C)O | CCC(C)OC(=O)C | CC(=O)N(C)C
D-fructose / 乙醇 / 水,False,D-fructose[O=C(CO)[C@@H](O)[C@H](O)[C@H](O)CO] -> MISSING; 乙醇[CCO] -> Ethanol; 水[O] -> Water,0.1542,0.3812,61,O=C(CO)[C@@H](O)[C@H](O)[C@H](O)CO | CCO | O
乙酸乙酯 / 1-butyl-3-methylimidazolium tetrafluoroborate / 2-丙醇,False,乙酸乙酯[CCOC(=O)C] -> Ethyl acetate; 1-butyl-3-methylimidazolium tetrafluoroborate[CCCCn1cc[n+](C)c1.F[B-](F)(F)F] -> MISSING; 2-丙醇[CC(C)O] -> Isopropanol,0.1558,0.3373,42,CCOC(=O)C | CCCCn1cc[n+](C)c1.F[B-](F)(F)F | CC(C)O
"2-丙醇 / 水 / 2-amino-2-(hydroxymethyl)-1,3-propanediol",False,"2-丙醇[CC(C)O] -> Isopropanol; 水[O] -> Water; 2-amino-2-(hydroxymethyl)-1,3-propanediol[NC(CO)(CO)CO] -> MISSING",0.1599,0.2867,25,CC(C)O | O | NC(CO)(CO)CO
乙醇 / 1-(叔丁氧基)丁烷 / 水,False,乙醇[CCO] -> Ethanol; 1-(叔丁氧基)丁烷[CCCCOC(C)(C)C] -> MISSING; 水[O] -> Water,0.1605,0.3153,85,CCO | CCCCOC(C)(C)C | O
2-丙醇 / 水 / 1-ethyl-3-methylimidazolium dicyanamide,False,2-丙醇[CC(C)O] -> Isopropanol; 水[O] -> Water; 1-ethyl-3-methylimidazolium dicyanamide[CCn1cc[n+](C)c1.N#C[N-]C#N] -> MISSING,0.1606,0.325,68,CC(C)O | O | CCn1cc[n+](C)c1.N#C[N-]C#N
乙腈 / 水 / 1-butyl-3-methylimidazolium acetate,False,乙腈[CC#N] -> Acetonitrile; 水[O] -> Water; 1-butyl-3-methylimidazolium acetate[CC(=O)[O-].CCCCn1cc[n+](C)c1] -> MISSING,0.1647,0.337,14,CC#N | O | CC(=O)[O-].CCCCn1cc[n+](C)c1
乙酸乙酯 / 1-butyl-3-methylimidazolium bromide / 2-丙醇,False,乙酸乙酯[CCOC(=O)C] -> Ethyl acetate; 1-butyl-3-methylimidazolium bromide[CCCCn1cc[n+](C)c1.[Br-]] -> MISSING; 2-丙醇[CC(C)O] -> Isopropanol,0.1682,0.3367,40,CCOC(=O)C | CCCCn1cc[n+](C)c1.[Br-] | CC(C)O
石竹烯 / 对异丙基甲苯 / 3-蒈烯,False,石竹烯[C=C1CC/C=C(\C)CC[C@@H]2[C@@H]1CC2(C)C] -> MISSING; 对异丙基甲苯[CC1=CC=C(C=C1)C(C)C] -> P-cymene; 3-蒈烯[CC1=CCC2C(C1)C2(C)C] -> MISSING,0.1684,0.3724,25,C=C1CC/C=C(\C)CC[C@@H]2[C@@H]1CC2(C)C | CC1=CC=C(C=C1)C(C)C | CC1=CCC2C(C1)C2(C)C
乙酸乙酯 / 1-butyl-3-methylimidazolium acetate / 2-丙醇,False,乙酸乙酯[CCOC(=O)C] -> Ethyl acetate; 1-butyl-3-methylimidazolium acetate[CC(=O)[O-].CCCCn1cc[n+](C)c1] -> MISSING; 2-丙醇[CC(C)O] -> Isopropanol,0.1724,0.3512,39,CCOC(=O)C | CC(=O)[O-].CCCCn1cc[n+](C)c1 | CC(C)O
2-丙醇 / 水 / sodium chloride,False,2-丙醇[CC(C)O] -> Isopropanol; 水[O] -> Water; sodium chloride[[Cl-].[Na+]] -> MISSING,0.1743,0.5543,37,CC(C)O | O | [Cl-].[Na+]
"2-甲基-2-丙醇 / 水 / 2-amino-2-(hydroxymethyl)-1,3-propanediol",False,"2-甲基-2-丙醇[CC(C)(C)O] -> 2-methyl-2-propanol; 水[O] -> Water; 2-amino-2-(hydroxymethyl)-1,3-propanediol[NC(CO)(CO)CO] -> MISSING",0.1769,0.3503,32,CC(C)(C)O | O | NC(CO)(CO)CO
2-丙醇 / 水 / 1-ethyl-3-methylimidazolium bromide,False,2-丙醇[CC(C)O] -> Isopropanol; 水[O] -> Water; 1-ethyl-3-methylimidazolium bromide[CCn1cc[n+](C)c1.[Br-]] -> MISSING,0.2148,0.4421,41,CC(C)O | O | CCn1cc[n+](C)c1.[Br-]
甲醇 / 1-(叔丁氧基)丁烷 / 水,False,甲醇[CO] -> Methanol; 1-(叔丁氧基)丁烷[CCCCOC(C)(C)C] -> MISSING; 水[O] -> Water,0.2309,0.4787,57,CO | CCCCOC(C)(C)C | O
2-甲基-2-丙醇 / 水 / 1-ethyl-3-methylimidazolium dicyanamide,False,2-甲基-2-丙醇[CC(C)(C)O] -> 2-methyl-2-propanol; 水[O] -> Water; 1-ethyl-3-methylimidazolium dicyanamide[CCn1cc[n+](C)c1.N#C[N-]C#N] -> MISSING,0.2327,0.4519,85,CC(C)(C)O | O | CCn1cc[n+](C)c1.N#C[N-]C#N
2-丙醇 / 水 / 1-butyl-3-methylimidazolium acetate,False,2-丙醇[CC(C)O] -> Isopropanol; 水[O] -> Water; 1-butyl-3-methylimidazolium acetate[CC(=O)[O-].CCCCn1cc[n+](C)c1] -> MISSING,0.2422,0.4514,40,CC(C)O | O | CC(=O)[O-].CCCCn1cc[n+](C)c1
2-丙醇 / 水 / 1-ethyl-3-methylimidazolium acetate,False,2-丙醇[CC(C)O] -> Isopropanol; 水[O] -> Water; 1-ethyl-3-methylimidazolium acetate[CC(=O)[O-].CCn1cc[n+](C)c1] -> MISSING,0.2549,0.4701,38,CC(C)O | O | CC(=O)[O-].CCn1cc[n+](C)c1
"乙酸 / N,N-二甲基乙酰胺 / 1-butyl-3-methylimidazolium bis(trifluoromethylsulfonyl)imide",False,"乙酸[CC(=O)O] -> Acetic acid; N,N-二甲基乙酰胺[CC(=O)N(C)C] -> MISSING; 1-butyl-3-methylimidazolium bis(trifluoromethylsulfonyl)imide[CCCCn1cc[n+](C)c1.O=S(=O)([N-]S(=O)(=O)C(F)(F)F)C(F)(F)F] -> MISSING",0.2589,0.4977,53,CC(=O)O | CC(=O)N(C)C | CCCCn1cc[n+](C)c1.O=S(=O)([N-]S(=O)(=O)C(F)(F)F)C(F)(F)F
甲醇 / 丙酮 / 1-ethyl-3-methylimidazolium methylsulfate,False,甲醇[CO] -> Methanol; 丙酮[CC(=O)C] -> Acetone; 1-ethyl-3-methylimidazolium methylsulfate[CCn1cc[n+](C)c1.COS(=O)(=O)[O-]] -> MISSING,0.2606,0.5965,22,CO | CC(=O)C | CCn1cc[n+](C)c1.COS(=O)(=O)[O-]
甲苯 / 2-甲氧基乙醇 / 二甲基亚砜,False,甲苯[CC1=CC=CC=C1] -> Toluene; 2-甲氧基乙醇[COCCO] -> MISSING; 二甲基亚砜[CS(=O)C] -> Dimethyl sulfoxide,0.2642,0.5115,18,CC1=CC=CC=C1 | COCCO | CS(=O)C
2-丁醇 / 乙酸仲丁酯 / 二甲基亚砜,False,2-丁醇[CCC(C)O] -> 2-butanol; 乙酸仲丁酯[CCC(C)OC(=O)C] -> MISSING; 二甲基亚砜[CS(=O)C] -> Dimethyl sulfoxide,0.3164,0.5042,13,CCC(C)O | CCC(C)OC(=O)C | CS(=O)C
氯乙酸 / 二氯乙酸 / 1-(2-(2-(戊氧基)乙氧基)乙氧基)戊烷,False,氯乙酸[C(C(=O)O)Cl] -> 2-Chloranylethanoic Acid; 二氯乙酸[C(C(=O)O)(Cl)Cl] -> MISSING; 1-(2-(2-(戊氧基)乙氧基)乙氧基)戊烷[CCCCCOCCOCCOCCCCC] -> MISSING,0.3401,0.6698,54,C(C(=O)O)Cl | C(C(=O)O)(Cl)Cl | CCCCCOCCOCCOCCCCC
甲醇 / 丙酮 / 1-ethyl-3-methylimidazolium hydrogen sulfate,False,甲醇[CO] -> Methanol; 丙酮[CC(=O)C] -> Acetone; 1-ethyl-3-methylimidazolium hydrogen sulfate[CCn1cc[n+](C)c1.O=S(=O)([O-])O] -> MISSING,0.3424,0.6109,10,CO | CC(=O)C | CCn1cc[n+](C)c1.O=S(=O)([O-])O
"二氟甲烷 / 五氟乙烷 / 1,1,1,2-四氟乙烷",False,"二氟甲烷[C(F)F] -> MISSING; 五氟乙烷[C(C(F)(F)F)(F)F] -> MISSING; 1,1,1,2-四氟乙烷[C(C(F)(F)F)F] -> MISSING",,,,C(F)F | C(C(F)(F)F)(F)F | C(C(F)(F)F)F
丙烷 / 2-甲基丙烷 / 二氟甲烷,False,丙烷[CCC] -> Propane; 2-甲基丙烷[CC(C)C] -> Isobutane; 二氟甲烷[C(F)F] -> MISSING,,,,CCC | CC(C)C | C(F)F
(-)-3-(N-甲基吡咯烷基)吡啶 / 二氧化碳 / 茄尼醇,False,(-)-3-(N-甲基吡咯烷基)吡啶[CN1CCC[C@H]1C2=CN=CC=C2] -> MISSING; 二氧化碳[C(=O)=O] -> Carbon dioxide; 茄尼醇[CC(=CCC/C(=C/CC/C(=C/CC/C(=C/CC/C(=C/CC/C(=C/CC/C(=C/CC/C(=C/CC/C(=C/CO)/C)/C)/C)/C)/C)/C)/C)/C)C] -> MISSING,,,,CN1CCC[C@H]1C2=CN=CC=C2 | C(=O)=O | CC(=CCC/C(=C/CC/C(=C/CC/C(=C/CC/C(=C/CC/C(=C/CC/C(=C/CC/C(=C/CC/C(=C/CO)/C)/C)/C)/C)/C)/C)/C)/C)C
"2-甲基-6-亚甲基-2,7-辛二烯 / 氢气 / 二氧化碳",False,"2-甲基-6-亚甲基-2,7-辛二烯[CC(=CCCC(=C)C=C)C] -> Beta-myrcene; 氢气[[HH]] -> MISSING; 二氧化碳[C(=O)=O] -> Carbon dioxide",,,,CC(=CCCC(=C)C=C)C | [HH] | C(=O)=O
铜 / 锑 / 铋,False,铜[[Cu]] -> MISSING; 锑[[Sb]] -> MISSING; 铋[[Bi]] -> MISSING,,,,[Cu] | [Sb] | [Bi]
二氧化碳 / 硫化氢 / 1-butyl-3-methylimidazolium acetate,False,二氧化碳[C(=O)=O] -> Carbon dioxide; 硫化氢[S] -> Hydrogen sulfide; 1-butyl-3-methylimidazolium acetate[CC(=O)[O-].CCCCn1cc[n+](C)c1] -> MISSING,,,,C(=O)=O | S | CC(=O)[O-].CCCCn1cc[n+](C)c1
