T_exp_K,T_dwsim_K,x_butanol,x_water,x_toluene,y_butanol_exp,y_water_exp,y_toluene_exp,y_butanol_tf,y_water_tf,y_toluene_tf,y_butanol_dwsim,y_water_dwsim,y_toluene_dwsim,max_err_tf,max_err_dwsim
376.91,379.09,0.6330,0.0220,0.3450,0.4220,0.1110,0.4670,0.3907,0.1611,0.4481,0.4583,0.0610,0.4807,0.0501,0.0500
377.28,379.46,0.6880,0.0270,0.2850,0.4350,0.1410,0.4240,0.4097,0.1775,0.4128,0.4868,0.0823,0.4309,0.0365,0.0587
384.81,384.36,0.9150,0.0290,0.0560,0.6980,0.1440,0.1580,0.6325,0.1634,0.2040,0.7162,0.1493,0.1345,0.0655,0.0235
379.13,381.10,0.8000,0.0300,0.1700,0.5080,0.1760,0.3160,0.4785,0.1723,0.3492,0.5706,0.1149,0.3144,0.0332,0.0626
377.80,380.04,0.7410,0.0300,0.2290,0.4660,0.1590,0.3750,0.4351,0.1820,0.3829,0.5207,0.1011,0.3782,0.0309,0.0579
381.06,381.92,0.8440,0.0330,0.1230,0.5590,0.1730,0.2680,0.5139,0.1809,0.3052,0.6124,0.1394,0.2482,0.0451,0.0534
378.06,379.76,0.7390,0.0350,0.2260,0.4830,0.1620,0.3550,0.4220,0.2052,0.3728,0.5145,0.1164,0.3691,0.0610,0.0456
378.37,380.02,0.8010,0.0500,0.1490,0.4960,0.2240,0.2800,0.4370,0.2545,0.3085,0.5485,0.1843,0.2672,0.0590,0.0525
379.25,380.74,0.8370,0.0500,0.1130,0.5090,0.2650,0.2260,0.4721,0.2513,0.2766,0.5821,0.2000,0.2180,0.0506,0.0731
368.81,377.11,0.3590,0.0570,0.5840,0.1680,0.4150,0.4170,0.1718,0.4087,0.4195,0.3273,0.1005,0.5723,0.0063,0.3145
370.42,377.44,0.6010,0.0600,0.3390,0.2750,0.3300,0.3950,0.2918,0.3387,0.3695,0.4202,0.1493,0.4304,0.0255,0.1807
381.70,382.01,0.9180,0.0630,0.0190,0.6410,0.2960,0.0630,0.5984,0.3207,0.0809,0.6583,0.2988,0.0428,0.0426,0.0202
379.86,380.62,0.8680,0.0640,0.0680,0.5550,0.2910,0.1540,0.4917,0.3041,0.2042,0.5962,0.2671,0.1367,0.0633,0.0412
380.90,381.40,0.8990,0.0640,0.0370,0.5870,0.3090,0.1040,0.5494,0.3139,0.1368,0.6320,0.2883,0.0797,0.0376,0.0450
368.37,376.92,0.4520,0.0640,0.4840,0.2190,0.3620,0.4190,0.2099,0.3983,0.3918,0.3632,0.1267,0.5101,0.0363,0.2353
379.09,380.53,0.8670,0.0650,0.0680,0.5230,0.3190,0.1580,0.4886,0.3078,0.2036,0.5938,0.2700,0.1362,0.0456,0.0708
369.65,376.84,0.5240,0.0700,0.4060,0.2220,0.3880,0.3900,0.2391,0.3927,0.3681,0.3858,0.1527,0.4614,0.0219,0.2353
366.90,376.74,0.4720,0.0710,0.4570,0.2120,0.3890,0.3990,0.2114,0.4131,0.3755,0.3677,0.1436,0.4888,0.0241,0.2454
372.41,377.59,0.7100,0.0760,0.2140,0.2920,0.3810,0.3270,0.3297,0.3556,0.3146,0.4626,0.2231,0.3143,0.0377,0.1706
375.73,378.19,0.8170,0.0910,0.0920,0.3910,0.4140,0.1950,0.3953,0.3823,0.2223,0.5192,0.3209,0.1599,0.0317,0.1282
372.23,377.10,0.7760,0.1030,0.1210,0.3340,0.4440,0.2220,0.3444,0.4122,0.2434,0.4804,0.3276,0.1919,0.0318,0.1464
368.76,375.66,0.6210,0.1150,0.2640,0.2300,0.4450,0.3250,0.2422,0.4644,0.2934,0.4000,0.2756,0.3244,0.0316,0.1700
376.64,377.08,0.8580,0.1270,0.0150,0.4760,0.4800,0.0440,0.4383,0.5056,0.0561,0.5165,0.4567,0.0268,0.0377,0.0405
369.17,375.53,0.7180,0.1300,0.1520,0.2650,0.4980,0.2370,0.2814,0.4708,0.2478,0.4307,0.3574,0.2119,0.0272,0.1657
374.76,376.23,0.8360,0.1390,0.0250,0.4130,0.5190,0.0680,0.3959,0.5198,0.0843,0.4899,0.4679,0.0422,0.0171,0.0769
369.87,374.53,0.7540,0.1630,0.0830,0.3210,0.5180,0.1610,0.2903,0.5284,0.1813,0.4269,0.4549,0.1182,0.0307,0.1059
372.61,374.58,0.7990,0.1700,0.0310,0.3780,0.5480,0.0740,0.3386,0.5668,0.0946,0.4446,0.5081,0.0472,0.0394,0.0666
367.93,374.14,0.7750,0.1770,0.0480,0.2930,0.6020,0.1050,0.3063,0.5656,0.1281,0.4282,0.5022,0.0697,0.0364,0.1352
370.27,373.91,0.7790,0.1840,0.0370,0.3220,0.5860,0.0920,0.3121,0.5821,0.1058,0.4258,0.5205,0.0537,0.0138,0.1038
364.74,373.22,0.6090,0.1950,0.1960,0.2170,0.5170,0.2660,0.1946,0.5687,0.2367,0.3612,0.4195,0.2192,0.0517,0.1442
366.79,372.97,0.6870,0.2030,0.1100,0.2610,0.5460,0.1930,0.2310,0.5738,0.1951,0.3801,0.4841,0.1359,0.0300,0.1191
360.51,372.96,0.5290,0.2120,0.2590,0.1570,0.5470,0.2960,0.1582,0.5978,0.2440,0.3370,0.4037,0.2593,0.0520,0.1800
362.43,372.84,0.5660,0.2120,0.2220,0.1690,0.5470,0.2840,0.1721,0.5903,0.2376,0.3447,0.4233,0.2320,0.0464,0.1757
364.27,372.66,0.6580,0.2130,0.1290,0.2200,0.5640,0.2160,0.2118,0.5833,0.2050,0.3670,0.4815,0.1516,0.0193,0.1470
363.42,372.31,0.6330,0.2260,0.1410,0.2100,0.5670,0.2230,0.1966,0.5949,0.2085,0.3551,0.4866,0.1583,0.0279,0.1451
361.76,371.58,0.5820,0.2590,0.1590,0.1810,0.5760,0.2430,0.1694,0.6201,0.2105,0.3320,0.5051,0.1629,0.0441,0.1510
365.94,371.12,0.6790,0.2660,0.0550,0.2620,0.6210,0.1170,0.2224,0.6490,0.1286,0.3509,0.5855,0.0636,0.0396,0.0889
360.88,371.45,0.5590,0.2680,0.1730,0.1700,0.5730,0.2570,0.1593,0.6265,0.2141,0.3249,0.5039,0.1712,0.0535,0.1549
359.19,371.50,0.5050,0.2780,0.2170,0.1450,0.5680,0.2870,0.1392,0.6368,0.2239,0.3134,0.4860,0.2006,0.0688,0.1684
364.07,370.56,0.6440,0.2900,0.0660,0.2330,0.6300,0.1370,0.2003,0.6575,0.1422,0.3337,0.5949,0.0714,0.0327,0.1007
363.00,369.68,0.5980,0.3330,0.0690,0.2020,0.6420,0.1560,0.1788,0.6757,0.1455,0.3109,0.6209,0.0682,0.0337,0.1089
361.64,369.23,0.5590,0.3630,0.0780,0.1880,0.6360,0.1760,0.1628,0.6804,0.1568,0.2966,0.6315,0.0719,0.0444,0.1086
360.71,368.78,0.5130,0.4000,0.0870,0.1770,0.6290,0.1940,0.1476,0.6832,0.1692,0.2818,0.6441,0.0741,0.0542,0.1199
